--
-- PostgreSQL database dump
--

-- Dumped from database version 9.6.16
-- Dumped by pg_dump version 9.6.16

SET statement_timeout = 0;
SET lock_timeout = 0;
SET idle_in_transaction_session_timeout = 0;
SET client_encoding = 'UTF8';
SET standard_conforming_strings = on;
SELECT pg_catalog.set_config('search_path', '', false);
SET check_function_bodies = false;
SET xmloption = content;
SET client_min_messages = warning;
SET row_security = off;

--
-- Name: plpgsql; Type: EXTENSION; Schema: -; Owner: 
--

CREATE EXTENSION IF NOT EXISTS plpgsql WITH SCHEMA pg_catalog;


--
-- Name: EXTENSION plpgsql; Type: COMMENT; Schema: -; Owner: 
--

COMMENT ON EXTENSION plpgsql IS 'PL/pgSQL procedural language';


SET default_tablespace = '';

SET default_with_oids = false;

--
-- Name: ar_internal_metadata; Type: TABLE; Schema: public; Owner: y.kopylov
--

CREATE TABLE public.ar_internal_metadata (
    key character varying NOT NULL,
    value character varying,
    created_at timestamp(6) without time zone NOT NULL,
    updated_at timestamp(6) without time zone NOT NULL
);


ALTER TABLE public.ar_internal_metadata OWNER TO "y.kopylov";

--
-- Name: categories; Type: TABLE; Schema: public; Owner: y.kopylov
--

CREATE TABLE public.categories (
    id bigint NOT NULL,
    title character varying,
    slug character varying,
    created_at timestamp(6) without time zone NOT NULL,
    updated_at timestamp(6) without time zone NOT NULL
);


ALTER TABLE public.categories OWNER TO "y.kopylov";

--
-- Name: categories_id_seq; Type: SEQUENCE; Schema: public; Owner: y.kopylov
--

CREATE SEQUENCE public.categories_id_seq
    START WITH 1
    INCREMENT BY 1
    NO MINVALUE
    NO MAXVALUE
    CACHE 1;


ALTER TABLE public.categories_id_seq OWNER TO "y.kopylov";

--
-- Name: categories_id_seq; Type: SEQUENCE OWNED BY; Schema: public; Owner: y.kopylov
--

ALTER SEQUENCE public.categories_id_seq OWNED BY public.categories.id;


--
-- Name: dish_inrgedients; Type: TABLE; Schema: public; Owner: y.kopylov
--

CREATE TABLE public.dish_inrgedients (
    id bigint NOT NULL,
    dish_id bigint NOT NULL,
    ingredient_id bigint NOT NULL,
    amount character varying,
    created_at timestamp(6) without time zone NOT NULL,
    updated_at timestamp(6) without time zone NOT NULL
);


ALTER TABLE public.dish_inrgedients OWNER TO "y.kopylov";

--
-- Name: dish_inrgedients_id_seq; Type: SEQUENCE; Schema: public; Owner: y.kopylov
--

CREATE SEQUENCE public.dish_inrgedients_id_seq
    START WITH 1
    INCREMENT BY 1
    NO MINVALUE
    NO MAXVALUE
    CACHE 1;


ALTER TABLE public.dish_inrgedients_id_seq OWNER TO "y.kopylov";

--
-- Name: dish_inrgedients_id_seq; Type: SEQUENCE OWNED BY; Schema: public; Owner: y.kopylov
--

ALTER SEQUENCE public.dish_inrgedients_id_seq OWNED BY public.dish_inrgedients.id;


--
-- Name: dishes; Type: TABLE; Schema: public; Owner: y.kopylov
--

CREATE TABLE public.dishes (
    id bigint NOT NULL,
    title character varying,
    slug character varying,
    image_url character varying,
    calories double precision,
    carbohydrates double precision,
    protein double precision,
    category_id bigint NOT NULL,
    fat double precision,
    price double precision,
    created_at timestamp(6) without time zone NOT NULL,
    updated_at timestamp(6) without time zone NOT NULL
);


ALTER TABLE public.dishes OWNER TO "y.kopylov";

--
-- Name: dishes_id_seq; Type: SEQUENCE; Schema: public; Owner: y.kopylov
--

CREATE SEQUENCE public.dishes_id_seq
    START WITH 1
    INCREMENT BY 1
    NO MINVALUE
    NO MAXVALUE
    CACHE 1;


ALTER TABLE public.dishes_id_seq OWNER TO "y.kopylov";

--
-- Name: dishes_id_seq; Type: SEQUENCE OWNED BY; Schema: public; Owner: y.kopylov
--

ALTER SEQUENCE public.dishes_id_seq OWNED BY public.dishes.id;


--
-- Name: goals; Type: TABLE; Schema: public; Owner: y.kopylov
--

CREATE TABLE public.goals (
    id bigint NOT NULL,
    title character varying,
    slug character varying,
    created_at timestamp(6) without time zone NOT NULL,
    updated_at timestamp(6) without time zone NOT NULL
);


ALTER TABLE public.goals OWNER TO "y.kopylov";

--
-- Name: goals_dishes; Type: TABLE; Schema: public; Owner: y.kopylov
--

CREATE TABLE public.goals_dishes (
    id bigint NOT NULL,
    dish_id bigint NOT NULL,
    goal_id bigint NOT NULL,
    created_at timestamp(6) without time zone NOT NULL,
    updated_at timestamp(6) without time zone NOT NULL
);


ALTER TABLE public.goals_dishes OWNER TO "y.kopylov";

--
-- Name: goals_dishes_id_seq; Type: SEQUENCE; Schema: public; Owner: y.kopylov
--

CREATE SEQUENCE public.goals_dishes_id_seq
    START WITH 1
    INCREMENT BY 1
    NO MINVALUE
    NO MAXVALUE
    CACHE 1;


ALTER TABLE public.goals_dishes_id_seq OWNER TO "y.kopylov";

--
-- Name: goals_dishes_id_seq; Type: SEQUENCE OWNED BY; Schema: public; Owner: y.kopylov
--

ALTER SEQUENCE public.goals_dishes_id_seq OWNED BY public.goals_dishes.id;


--
-- Name: goals_id_seq; Type: SEQUENCE; Schema: public; Owner: y.kopylov
--

CREATE SEQUENCE public.goals_id_seq
    START WITH 1
    INCREMENT BY 1
    NO MINVALUE
    NO MAXVALUE
    CACHE 1;


ALTER TABLE public.goals_id_seq OWNER TO "y.kopylov";

--
-- Name: goals_id_seq; Type: SEQUENCE OWNED BY; Schema: public; Owner: y.kopylov
--

ALTER SEQUENCE public.goals_id_seq OWNED BY public.goals.id;


--
-- Name: ingredient_products; Type: TABLE; Schema: public; Owner: y.kopylov
--

CREATE TABLE public.ingredient_products (
    id bigint NOT NULL,
    ingredient_id bigint NOT NULL,
    product_id bigint NOT NULL,
    created_at timestamp(6) without time zone NOT NULL,
    updated_at timestamp(6) without time zone NOT NULL
);


ALTER TABLE public.ingredient_products OWNER TO "y.kopylov";

--
-- Name: ingredient_products_id_seq; Type: SEQUENCE; Schema: public; Owner: y.kopylov
--

CREATE SEQUENCE public.ingredient_products_id_seq
    START WITH 1
    INCREMENT BY 1
    NO MINVALUE
    NO MAXVALUE
    CACHE 1;


ALTER TABLE public.ingredient_products_id_seq OWNER TO "y.kopylov";

--
-- Name: ingredient_products_id_seq; Type: SEQUENCE OWNED BY; Schema: public; Owner: y.kopylov
--

ALTER SEQUENCE public.ingredient_products_id_seq OWNED BY public.ingredient_products.id;


--
-- Name: ingredients; Type: TABLE; Schema: public; Owner: y.kopylov
--

CREATE TABLE public.ingredients (
    id bigint NOT NULL,
    title character varying,
    created_at timestamp(6) without time zone NOT NULL,
    updated_at timestamp(6) without time zone NOT NULL
);


ALTER TABLE public.ingredients OWNER TO "y.kopylov";

--
-- Name: ingredients_id_seq; Type: SEQUENCE; Schema: public; Owner: y.kopylov
--

CREATE SEQUENCE public.ingredients_id_seq
    START WITH 1
    INCREMENT BY 1
    NO MINVALUE
    NO MAXVALUE
    CACHE 1;


ALTER TABLE public.ingredients_id_seq OWNER TO "y.kopylov";

--
-- Name: ingredients_id_seq; Type: SEQUENCE OWNED BY; Schema: public; Owner: y.kopylov
--

ALTER SEQUENCE public.ingredients_id_seq OWNED BY public.ingredients.id;


--
-- Name: nutritional_values; Type: TABLE; Schema: public; Owner: y.kopylov
--

CREATE TABLE public.nutritional_values (
    id bigint NOT NULL,
    dish_id bigint NOT NULL,
    title character varying,
    value character varying,
    created_at timestamp(6) without time zone NOT NULL,
    updated_at timestamp(6) without time zone NOT NULL
);


ALTER TABLE public.nutritional_values OWNER TO "y.kopylov";

--
-- Name: nutritional_values_id_seq; Type: SEQUENCE; Schema: public; Owner: y.kopylov
--

CREATE SEQUENCE public.nutritional_values_id_seq
    START WITH 1
    INCREMENT BY 1
    NO MINVALUE
    NO MAXVALUE
    CACHE 1;


ALTER TABLE public.nutritional_values_id_seq OWNER TO "y.kopylov";

--
-- Name: nutritional_values_id_seq; Type: SEQUENCE OWNED BY; Schema: public; Owner: y.kopylov
--

ALTER SEQUENCE public.nutritional_values_id_seq OWNED BY public.nutritional_values.id;


--
-- Name: products; Type: TABLE; Schema: public; Owner: y.kopylov
--

CREATE TABLE public.products (
    id bigint NOT NULL,
    title character varying,
    shop_name character varying,
    image_url character varying,
    created_at timestamp(6) without time zone NOT NULL,
    updated_at timestamp(6) without time zone NOT NULL,
    price double precision
);


ALTER TABLE public.products OWNER TO "y.kopylov";

--
-- Name: products_id_seq; Type: SEQUENCE; Schema: public; Owner: y.kopylov
--

CREATE SEQUENCE public.products_id_seq
    START WITH 1
    INCREMENT BY 1
    NO MINVALUE
    NO MAXVALUE
    CACHE 1;


ALTER TABLE public.products_id_seq OWNER TO "y.kopylov";

--
-- Name: products_id_seq; Type: SEQUENCE OWNED BY; Schema: public; Owner: y.kopylov
--

ALTER SEQUENCE public.products_id_seq OWNED BY public.products.id;


--
-- Name: schema_migrations; Type: TABLE; Schema: public; Owner: y.kopylov
--

CREATE TABLE public.schema_migrations (
    version character varying NOT NULL
);


ALTER TABLE public.schema_migrations OWNER TO "y.kopylov";

--
-- Name: categories id; Type: DEFAULT; Schema: public; Owner: y.kopylov
--

ALTER TABLE ONLY public.categories ALTER COLUMN id SET DEFAULT nextval('public.categories_id_seq'::regclass);


--
-- Name: dish_inrgedients id; Type: DEFAULT; Schema: public; Owner: y.kopylov
--

ALTER TABLE ONLY public.dish_inrgedients ALTER COLUMN id SET DEFAULT nextval('public.dish_inrgedients_id_seq'::regclass);


--
-- Name: dishes id; Type: DEFAULT; Schema: public; Owner: y.kopylov
--

ALTER TABLE ONLY public.dishes ALTER COLUMN id SET DEFAULT nextval('public.dishes_id_seq'::regclass);


--
-- Name: goals id; Type: DEFAULT; Schema: public; Owner: y.kopylov
--

ALTER TABLE ONLY public.goals ALTER COLUMN id SET DEFAULT nextval('public.goals_id_seq'::regclass);


--
-- Name: goals_dishes id; Type: DEFAULT; Schema: public; Owner: y.kopylov
--

ALTER TABLE ONLY public.goals_dishes ALTER COLUMN id SET DEFAULT nextval('public.goals_dishes_id_seq'::regclass);


--
-- Name: ingredient_products id; Type: DEFAULT; Schema: public; Owner: y.kopylov
--

ALTER TABLE ONLY public.ingredient_products ALTER COLUMN id SET DEFAULT nextval('public.ingredient_products_id_seq'::regclass);


--
-- Name: ingredients id; Type: DEFAULT; Schema: public; Owner: y.kopylov
--

ALTER TABLE ONLY public.ingredients ALTER COLUMN id SET DEFAULT nextval('public.ingredients_id_seq'::regclass);


--
-- Name: nutritional_values id; Type: DEFAULT; Schema: public; Owner: y.kopylov
--

ALTER TABLE ONLY public.nutritional_values ALTER COLUMN id SET DEFAULT nextval('public.nutritional_values_id_seq'::regclass);


--
-- Name: products id; Type: DEFAULT; Schema: public; Owner: y.kopylov
--

ALTER TABLE ONLY public.products ALTER COLUMN id SET DEFAULT nextval('public.products_id_seq'::regclass);


--
-- Data for Name: ar_internal_metadata; Type: TABLE DATA; Schema: public; Owner: y.kopylov
--

COPY public.ar_internal_metadata (key, value, created_at, updated_at) FROM stdin;
environment	development	2020-05-22 14:28:20.276423	2020-05-22 14:28:20.276423
\.


--
-- Data for Name: categories; Type: TABLE DATA; Schema: public; Owner: y.kopylov
--

COPY public.categories (id, title, slug, created_at, updated_at) FROM stdin;
1	Breakfast	Breakfast	2020-05-22 14:40:06.49383	2020-05-22 14:40:06.49383
2	Lunch	Lunch	2020-05-22 14:40:06.500549	2020-05-22 14:40:06.500549
3	Desert	Desert	2020-05-22 14:40:06.504822	2020-05-22 14:40:06.504822
4	Salad	Salad	2020-05-22 15:07:42.262398	2020-05-22 15:07:42.262398
5	Drink	Drink	2020-05-22 15:07:42.271161	2020-05-22 15:07:42.271161
\.


--
-- Name: categories_id_seq; Type: SEQUENCE SET; Schema: public; Owner: y.kopylov
--

SELECT pg_catalog.setval('public.categories_id_seq', 5, true);


--
-- Data for Name: dish_inrgedients; Type: TABLE DATA; Schema: public; Owner: y.kopylov
--

COPY public.dish_inrgedients (id, dish_id, ingredient_id, amount, created_at, updated_at) FROM stdin;
538	82	1	1 столовая ложка	2020-05-22 15:22:13.742401	2020-05-22 15:22:13.742401
539	82	2	150 г	2020-05-22 15:22:13.750663	2020-05-22 15:22:13.750663
540	82	3	60 г	2020-05-22 15:22:13.758271	2020-05-22 15:22:13.758271
541	82	4	1 чайная ложка	2020-05-22 15:22:13.776358	2020-05-22 15:22:13.776358
542	82	5	щепотка	2020-05-22 15:22:13.78006	2020-05-22 15:22:13.78006
543	82	6	1 столовая ложка	2020-05-22 15:22:13.783521	2020-05-22 15:22:13.783521
544	82	7	1,5 столовые ложки	2020-05-22 15:22:13.786691	2020-05-22 15:22:13.786691
545	82	8	450 мл	2020-05-22 15:22:13.789576	2020-05-22 15:22:13.789576
546	83	9	200г	2020-05-22 15:22:13.827501	2020-05-22 15:22:13.827501
547	83	10	200г	2020-05-22 15:22:13.830405	2020-05-22 15:22:13.830405
548	83	11	По вкусу	2020-05-22 15:22:13.834914	2020-05-22 15:22:13.834914
549	83	12	По вкусу	2020-05-22 15:22:13.839074	2020-05-22 15:22:13.839074
550	83	13	По вкусу	2020-05-22 15:22:13.842652	2020-05-22 15:22:13.842652
551	83	14	0,5 зубчика	2020-05-22 15:22:13.84585	2020-05-22 15:22:13.84585
552	83	15	По вкусу	2020-05-22 15:22:13.849074	2020-05-22 15:22:13.849074
553	83	16	По вкусу	2020-05-22 15:22:13.852577	2020-05-22 15:22:13.852577
554	84	17	1 стакан	2020-05-22 15:22:13.879477	2020-05-22 15:22:13.879477
555	84	18	1шт	2020-05-22 15:22:13.88341	2020-05-22 15:22:13.88341
556	84	19	3 ст.л.	2020-05-22 15:22:13.887449	2020-05-22 15:22:13.887449
557	84	6	2 ч.л.	2020-05-22 15:22:13.890707	2020-05-22 15:22:13.890707
558	84	20	2.5 ст.л	2020-05-22 15:22:13.894066	2020-05-22 15:22:13.894066
559	85	21	20г	2020-05-22 15:22:13.91873	2020-05-22 15:22:13.91873
560	85	22	1.5 ч.л.	2020-05-22 15:22:13.922466	2020-05-22 15:22:13.922466
561	85	2	5 ст.л	2020-05-22 15:22:13.925782	2020-05-22 15:22:13.925782
562	85	23	По вкусу	2020-05-22 15:22:13.928896	2020-05-22 15:22:13.928896
563	85	8	По вкусу	2020-05-22 15:22:13.931753	2020-05-22 15:22:13.931753
564	86	24	0,5	2020-05-22 15:22:13.962224	2020-05-22 15:22:13.962224
565	86	25	1шт	2020-05-22 15:22:13.965576	2020-05-22 15:22:13.965576
566	86	14	0,5 зубчика	2020-05-22 15:22:13.969503	2020-05-22 15:22:13.969503
567	86	26	2шт	2020-05-22 15:22:13.973669	2020-05-22 15:22:13.973669
568	86	27	2 стебля	2020-05-22 15:22:13.977029	2020-05-22 15:22:13.977029
569	86	28	По вкусу	2020-05-22 15:22:13.980302	2020-05-22 15:22:13.980302
570	86	29	По вкусу	2020-05-22 15:22:13.983202	2020-05-22 15:22:13.983202
571	86	20	По вкусу	2020-05-22 15:22:14.002503	2020-05-22 15:22:14.002503
572	87	30	0,5 шт	2020-05-22 15:22:14.02829	2020-05-22 15:22:14.02829
573	87	31	0,5шт	2020-05-22 15:22:14.031295	2020-05-22 15:22:14.031295
574	87	32	По вкусу	2020-05-22 15:22:14.035733	2020-05-22 15:22:14.035733
575	87	33	0,5шт	2020-05-22 15:22:14.039536	2020-05-22 15:22:14.039536
576	87	34	По вкусу	2020-05-22 15:22:14.042733	2020-05-22 15:22:14.042733
577	87	35	По вкусу	2020-05-22 15:22:14.045659	2020-05-22 15:22:14.045659
578	87	36	По вкусу	2020-05-22 15:22:14.048462	2020-05-22 15:22:14.048462
579	88	18	3шт	2020-05-22 15:22:14.077491	2020-05-22 15:22:14.077491
580	88	37	4шт	2020-05-22 15:22:14.080388	2020-05-22 15:22:14.080388
581	88	1	20г	2020-05-22 15:22:14.083143	2020-05-22 15:22:14.083143
582	88	38	50г	2020-05-22 15:22:14.086521	2020-05-22 15:22:14.086521
583	88	39	20г	2020-05-22 15:22:14.091663	2020-05-22 15:22:14.091663
584	88	16	По вкусу	2020-05-22 15:22:14.095195	2020-05-22 15:22:14.095195
585	88	5	По вкусу	2020-05-22 15:22:14.098321	2020-05-22 15:22:14.098321
586	88	36	По вкусу	2020-05-22 15:22:14.101285	2020-05-22 15:22:14.101285
587	89	40	0,5 шт	2020-05-22 15:22:14.119653	2020-05-22 15:22:14.119653
588	89	41	50г	2020-05-22 15:22:14.123393	2020-05-22 15:22:14.123393
589	89	42	50г	2020-05-22 15:22:14.126703	2020-05-22 15:22:14.126703
590	89	43	5 ст.л	2020-05-22 15:22:14.129791	2020-05-22 15:22:14.129791
591	89	44	3,5 ст.л	2020-05-22 15:22:14.132769	2020-05-22 15:22:14.132769
592	89	45	По вкусу	2020-05-22 15:22:14.13629	2020-05-22 15:22:14.13629
593	90	46	1,5 шт	2020-05-22 15:22:14.160429	2020-05-22 15:22:14.160429
594	90	47	0,5 шт	2020-05-22 15:22:14.163316	2020-05-22 15:22:14.163316
595	90	48	6,5 шт	2020-05-22 15:22:14.166136	2020-05-22 15:22:14.166136
596	90	25	1,5 шт	2020-05-22 15:22:14.16982	2020-05-22 15:22:14.16982
597	90	49	По вкусу	2020-05-22 15:22:14.175984	2020-05-22 15:22:14.175984
598	90	50	9 ст.л.	2020-05-22 15:22:14.179538	2020-05-22 15:22:14.179538
599	90	51	По вкусу	2020-05-22 15:22:14.182406	2020-05-22 15:22:14.182406
600	90	52	0,5 головки	2020-05-22 15:22:14.185293	2020-05-22 15:22:14.185293
601	91	14	1,5 зубчика	2020-05-22 15:22:14.224968	2020-05-22 15:22:14.224968
602	91	53	1,5 ст.л	2020-05-22 15:22:14.228102	2020-05-22 15:22:14.228102
603	91	54	0,5 шт	2020-05-22 15:22:14.230867	2020-05-22 15:22:14.230867
604	91	16	2 ст.л.	2020-05-22 15:22:14.233809	2020-05-22 15:22:14.233809
605	92	55	1,5 стакана	2020-05-22 15:22:14.261666	2020-05-22 15:22:14.261666
606	92	56	4 ст.л.	2020-05-22 15:22:14.264673	2020-05-22 15:22:14.264673
607	92	57	Щепотка	2020-05-22 15:22:14.267622	2020-05-22 15:22:14.267622
608	92	58	По вкусу	2020-05-22 15:22:14.271027	2020-05-22 15:22:14.271027
609	92	59	По вкусу	2020-05-22 15:22:14.274247	2020-05-22 15:22:14.274247
610	93	60	По вкусу	2020-05-22 15:22:14.293528	2020-05-22 15:22:14.293528
611	93	61	По вкусу	2020-05-22 15:22:14.296474	2020-05-22 15:22:14.296474
612	93	62	125г	2020-05-22 15:22:14.299731	2020-05-22 15:22:14.299731
613	93	63	100 г	2020-05-22 15:22:14.303331	2020-05-22 15:22:14.303331
614	93	64	По вкусу	2020-05-22 15:22:14.306823	2020-05-22 15:22:14.306823
615	93	12	По вкусу	2020-05-22 15:22:14.309695	2020-05-22 15:22:14.309695
616	93	65	1,5 ч.л.	2020-05-22 15:22:14.312572	2020-05-22 15:22:14.312572
617	93	66	1,5 ч.л.	2020-05-22 15:22:14.315308	2020-05-22 15:22:14.315308
618	94	18	2 шт	2020-05-22 15:22:14.335606	2020-05-22 15:22:14.335606
619	94	67	1,5 ст	2020-05-22 15:22:14.339079	2020-05-22 15:22:14.339079
620	94	16	По вкусу	2020-05-22 15:22:14.342467	2020-05-22 15:22:14.342467
621	94	68	2 чайные ложки	2020-05-22 15:22:14.345621	2020-05-22 15:22:14.345621
622	94	69	По вкусу	2020-05-22 15:22:14.348696	2020-05-22 15:22:14.348696
623	94	70	По вкусу	2020-05-22 15:22:14.351757	2020-05-22 15:22:14.351757
624	94	71	По вкусу	2020-05-22 15:22:14.356511	2020-05-22 15:22:14.356511
625	95	72	100 г	2020-05-22 15:22:14.388309	2020-05-22 15:22:14.388309
626	95	73	100 г	2020-05-22 15:22:14.391808	2020-05-22 15:22:14.391808
627	95	1	По вкусу	2020-05-22 15:22:14.395052	2020-05-22 15:22:14.395052
628	95	19	По вкусу	2020-05-22 15:22:14.397989	2020-05-22 15:22:14.397989
629	95	16	По вкусу	2020-05-22 15:22:14.41866	2020-05-22 15:22:14.41866
630	95	74	6,5 ст.л.	2020-05-22 15:22:14.42158	2020-05-22 15:22:14.42158
631	95	75	1,5 шт	2020-05-22 15:22:14.424352	2020-05-22 15:22:14.424352
632	95	76	84 г	2020-05-22 15:22:14.427151	2020-05-22 15:22:14.427151
633	96	77	По вкусу	2020-05-22 15:22:14.447082	2020-05-22 15:22:14.447082
634	96	46	0,5 шт	2020-05-22 15:22:14.450639	2020-05-22 15:22:14.450639
635	96	30	75 г	2020-05-22 15:22:14.454907	2020-05-22 15:22:14.454907
636	96	78	1,5 куска	2020-05-22 15:22:14.458271	2020-05-22 15:22:14.458271
637	96	79	По вкусу	2020-05-22 15:22:14.461351	2020-05-22 15:22:14.461351
638	96	1	По вкусу	2020-05-22 15:22:14.46415	2020-05-22 15:22:14.46415
639	96	80	0,5 зубчика	2020-05-22 15:22:14.467123	2020-05-22 15:22:14.467123
640	96	68	По вкусу	2020-05-22 15:22:14.471042	2020-05-22 15:22:14.471042
641	97	81	4 ст.л.	2020-05-22 15:22:14.49664	2020-05-22 15:22:14.49664
642	97	1	25г	2020-05-22 15:22:14.499736	2020-05-22 15:22:14.499736
643	97	61	0,5 головки	2020-05-22 15:22:14.503265	2020-05-22 15:22:14.503265
644	97	82	2,5 ст.л	2020-05-22 15:22:14.506936	2020-05-22 15:22:14.506936
645	97	83	1,5 ст	2020-05-22 15:22:14.509979	2020-05-22 15:22:14.509979
646	97	84	75 г	2020-05-22 15:22:14.512864	2020-05-22 15:22:14.512864
647	97	34	По вкусу	2020-05-22 15:22:14.515685	2020-05-22 15:22:14.515685
648	97	57	щепотка	2020-05-22 15:22:14.518896	2020-05-22 15:22:14.518896
649	98	18	1 шт	2020-05-22 15:22:14.542217	2020-05-22 15:22:14.542217
650	98	85	188 г 	2020-05-22 15:22:14.545384	2020-05-22 15:22:14.545384
651	98	86	2 ч.л.	2020-05-22 15:22:14.548167	2020-05-22 15:22:14.548167
652	98	87	2,5 ст.л.	2020-05-22 15:22:14.551076	2020-05-22 15:22:14.551076
653	98	6	2 чайные ложки	2020-05-22 15:22:14.555632	2020-05-22 15:22:14.555632
654	98	88	По вкусу	2020-05-22 15:22:14.560109	2020-05-22 15:22:14.560109
655	99	30	50 г	2020-05-22 15:22:14.580908	2020-05-22 15:22:14.580908
656	99	46	0,5 шт	2020-05-22 15:22:14.584306	2020-05-22 15:22:14.584306
657	99	89	25 г	2020-05-22 15:22:14.587545	2020-05-22 15:22:14.587545
658	99	90	38 г	2020-05-22 15:22:14.591068	2020-05-22 15:22:14.591068
659	99	91	2 чайные ложки	2020-05-22 15:22:14.594159	2020-05-22 15:22:14.594159
660	99	92	По вкусу	2020-05-22 15:22:14.597011	2020-05-22 15:22:14.597011
661	99	78	50 г	2020-05-22 15:22:14.600208	2020-05-22 15:22:14.600208
662	100	93	200 г	2020-05-22 15:22:14.646559	2020-05-22 15:22:14.646559
663	100	16	2 ч.л.	2020-05-22 15:22:14.649628	2020-05-22 15:22:14.649628
664	100	94	0,5 шт	2020-05-22 15:22:14.652971	2020-05-22 15:22:14.652971
665	100	95	20 г	2020-05-22 15:22:14.656431	2020-05-22 15:22:14.656431
666	100	37	4 шт	2020-05-22 15:22:14.659481	2020-05-22 15:22:14.659481
667	100	34	По вкусу	2020-05-22 15:22:14.662425	2020-05-22 15:22:14.662425
668	100	36	По вкусу	2020-05-22 15:22:14.66527	2020-05-22 15:22:14.66527
669	101	96	0,5 шт	2020-05-22 15:22:14.693713	2020-05-22 15:22:14.693713
670	101	97	1 шт	2020-05-22 15:22:14.696495	2020-05-22 15:22:14.696495
671	101	25	0,5 шт	2020-05-22 15:22:14.699585	2020-05-22 15:22:14.699585
672	101	98	25 г	2020-05-22 15:22:14.703265	2020-05-22 15:22:14.703265
673	101	99	0,5 веточки	2020-05-22 15:22:14.707044	2020-05-22 15:22:14.707044
674	101	40	0,5 шт	2020-05-22 15:22:14.710239	2020-05-22 15:22:14.710239
675	101	100	0,5 шт	2020-05-22 15:22:14.713169	2020-05-22 15:22:14.713169
676	101	59	75 г	2020-05-22 15:22:14.715985	2020-05-22 15:22:14.715985
\.


--
-- Name: dish_inrgedients_id_seq; Type: SEQUENCE SET; Schema: public; Owner: y.kopylov
--

SELECT pg_catalog.setval('public.dish_inrgedients_id_seq', 676, true);


--
-- Data for Name: dishes; Type: TABLE DATA; Schema: public; Owner: y.kopylov
--

COPY public.dishes (id, title, slug, image_url, calories, carbohydrates, protein, category_id, fat, price, created_at, updated_at) FROM stdin;
82	Овсяная каша с яблоком и корицей	owsqnaq-kasha-s-qblokom-i-koricej	https://img01.rl0.ru/eda/c620x415i/s2.eda.ru/StaticContent/Photos/120214160714/120214161237/p_O.jpg	894	145	18	1	31	0	2020-05-22 15:22:13.725511	2020-05-22 15:22:13.725511
83	Печеная камбала с капустой и пореем	pechenaq-kambala-s-kapustoj-i-poreem	https://img07.rl0.ru/eda/c620x415i/s1.eda.ru/StaticContent/Photos/130907154434/130919123635/p_O.jpg	329	18	47	2	7	0	2020-05-22 15:22:13.823345	2020-05-22 15:22:13.823345
84	Сырники из творога	syrniki-iz-tworoga	http://img05.rl0.ru/eda/-x900i/s2.eda.ru/StaticContent/Photos/120131085624/121013131036/p_O.jpg	1029	56	55	1	64	0	2020-05-22 15:22:13.875592	2020-05-22 15:22:13.875592
85	Овсяный десерт с орехами и черносливом	owsqnyj-desert-s-orehami-i-chernosliwom	https://img03.rl0.ru/eda/c620x415i/s2.eda.ru/StaticContent/Photos/120214133254/120214133530/p_O.jpg	335	47	8	3	14	0	2020-05-22 15:22:13.913258	2020-05-22 15:22:13.913258
86	Салат «Газапхули»	salat-gazaphuli	https://img09.rl0.ru/eda/c620x415i/s1.eda.ru/StaticContent/Photos/110812141030/140714133253/p_O.jpg	160	25	5	4	5	0	2020-05-22 15:22:13.957555	2020-05-22 15:22:13.957555
87	Паровой куриный рулет с мандаринами и черносливом	parowoj-kurinyj-rulet-s-mandarinami-i-chernosliwom	https://img02.rl0.ru/eda/-x900i/s1.eda.ru/StaticContent/Photos/110805165929/130725150902/p_O.jpg	185	8	20	2	7	0	2020-05-22 15:22:14.024226	2020-05-22 15:22:14.024226
88	Омлет с моцареллой и помидорами	omlet-s-mocarelloj-i-pomidorami	https://img05.rl0.ru/eda/c620x415i/s2.eda.ru/StaticContent/Photos/130829212936/130904175634/p_O.jpg	570	4	33	1	58	0	2020-05-22 15:22:14.073042	2020-05-22 15:22:14.073042
89	Смузи-боул из банана и ягод	smuzi-boul-iz-banana-i-qgod	https://img07.rl0.ru/eda/c620x415i/s1.eda.ru/StaticContent/Photos/170219214134/191003205808/p_O.jpg	413	53	6	1	20	0	2020-05-22 15:22:14.1148	2020-05-22 15:22:14.1148
90	Настоящий греческий салат	nastoqschij-grecheskij-salat	https://img06.rl0.ru/eda/-x900i/s1.eda.ru/StaticContent/Photos/130725133817/190726123035/p_O.jpg	365	10	19	4	26	0	2020-05-22 15:22:14.156239	2020-05-22 15:22:14.156239
91	Хек в зеленом чесночном соусе	hek-w-zelenom-chesnochnom-souse	https://img05.rl0.ru/eda/-x900i/s2.eda.ru/StaticContent/Photos/120214135414/120214135943/p_O.jpg	527	0	99	2	14	0	2020-05-22 15:22:14.218265	2020-05-22 15:22:14.218265
92	Ласси	lassi	https://img03.rl0.ru/eda/-x900i/s1.eda.ru/StaticContent/Photos/120126130718/170327123332/p_O.jpg	410	74	12	5	8	0	2020-05-22 15:22:14.257453	2020-05-22 15:22:14.257453
93	Говядина с устричным соусом	gowqdina-s-ustrichnym-sousom	https://img05.rl0.ru/eda/-x900i/s2.eda.ru/StaticContent/Photos/150615095301/150617122439/p_O.jpg	439	10	27	2	332	0	2020-05-22 15:22:14.289744	2020-05-22 15:22:14.289744
94	Яичница-болтунья со шпинатом	yaichnica-boltunq-so-shpinatom	https://img05.rl0.ru/eda/-x900i/s2.eda.ru/StaticContent/Photos/120131084114/130402041325/p_O.jpg	356	2	24	1	26	0	2020-05-22 15:22:14.331263	2020-05-22 15:22:14.331263
95	Лазанья классическая	lazanq-klassicheskaq	https://img02.rl0.ru/eda/-x900i/s2.eda.ru/StaticContent/Photos/120131082527/130715011534/p_O.jpg	965	23	50	2	72	0	2020-05-22 15:22:14.384129	2020-05-22 15:22:14.384129
96	Салат «Цезарь» традиционный	salat-cezar-tradicionnyj	https://img09.rl0.ru/eda/c620x415i/s1.eda.ru/StaticContent/Photos/120131082454/161109234550/p_O.jpg	245	14	20	4	11	0	2020-05-22 15:22:14.443296	2020-05-22 15:22:14.443296
97	Ризотто с шампиньонами	rizotto-s-shampinonami	https://img08.rl0.ru/eda/-x900i/s2.eda.ru/StaticContent/Photos/160822164559/160901074921/p_O.jpg	538	61	13	2	23	0	2020-05-22 15:22:14.493035	2020-05-22 15:22:14.493035
98	Нежная творожная запеканка	nezhnaq-tworozhnaq-zapekanka	https://img09.rl0.ru/eda/c620x415i/s2.eda.ru/StaticContent/Photos/130104145234/130115124948/p_O.jpg	405	35	41	1	10	0	2020-05-22 15:22:14.537681	2020-05-22 15:22:14.537681
99	Андалузский салат с китайской капустой	andaluzskij-salat-s-kitajskoj-kapustoj	https://img01.rl0.ru/eda/c620x415i/s1.eda.ru/StaticContent/Photos/120213175433/120213175510/p_O.jpg	438	29	19	4	26	0	2020-05-22 15:22:14.577133	2020-05-22 15:22:14.577133
100	Треска с помидорами	treska-s-pomidorami	https://img03.rl0.ru/eda/-x900i/s1.eda.ru/StaticContent/Photos/120213174921/140324153806/p_O.jpg	363	5	37	2	21	0	2020-05-22 15:22:14.642785	2020-05-22 15:22:14.642785
101	Желтый смузи с яблоками, базиликом и имбирем	zheltyj-smuzi-s-qblokami-bazilikom-i-imbirem	https://img06.rl0.ru/eda/-x900i/s2.eda.ru/StaticContent/Photos/160608133558/160817112516/p_O.jpg	220	49	3	5	1	0	2020-05-22 15:22:14.690139	2020-05-22 15:22:14.690139
\.


--
-- Name: dishes_id_seq; Type: SEQUENCE SET; Schema: public; Owner: y.kopylov
--

SELECT pg_catalog.setval('public.dishes_id_seq', 101, true);


--
-- Data for Name: goals; Type: TABLE DATA; Schema: public; Owner: y.kopylov
--

COPY public.goals (id, title, slug, created_at, updated_at) FROM stdin;
1	Сбросить вес	sbrosit_ves	2020-05-22 14:33:56.182545	2020-05-22 14:33:56.182545
2	Набрать массу	nabrat_massu	2020-05-22 14:33:56.197929	2020-05-22 14:33:56.197929
3	Стать энергичнее	stat_energichnee	2020-05-22 14:33:56.203089	2020-05-22 14:33:56.203089
4	Быть здоровым	byt_zdorovym	2020-05-22 14:33:56.208444	2020-05-22 14:33:56.208444
5	Похудеть после родов	pohudet	2020-05-22 14:33:56.212445	2020-05-22 14:33:56.212445
6	Питаться с учетом аллергии	alergy	2020-05-22 14:33:56.215602	2020-05-22 14:33:56.215602
\.


--
-- Data for Name: goals_dishes; Type: TABLE DATA; Schema: public; Owner: y.kopylov
--

COPY public.goals_dishes (id, dish_id, goal_id, created_at, updated_at) FROM stdin;
88	82	2	2020-05-22 15:22:13.801227	2020-05-22 15:22:13.801227
89	82	3	2020-05-22 15:22:13.804956	2020-05-22 15:22:13.804956
90	82	4	2020-05-22 15:22:13.808188	2020-05-22 15:22:13.808188
91	83	2	2020-05-22 15:22:13.857976	2020-05-22 15:22:13.857976
92	83	1	2020-05-22 15:22:13.861789	2020-05-22 15:22:13.861789
93	83	5	2020-05-22 15:22:13.865202	2020-05-22 15:22:13.865202
94	84	2	2020-05-22 15:22:13.897112	2020-05-22 15:22:13.897112
95	84	3	2020-05-22 15:22:13.900143	2020-05-22 15:22:13.900143
96	85	3	2020-05-22 15:22:13.935147	2020-05-22 15:22:13.935147
97	85	4	2020-05-22 15:22:13.940883	2020-05-22 15:22:13.940883
98	86	1	2020-05-22 15:22:14.005744	2020-05-22 15:22:14.005744
99	86	5	2020-05-22 15:22:14.00869	2020-05-22 15:22:14.00869
100	86	4	2020-05-22 15:22:14.011602	2020-05-22 15:22:14.011602
101	87	1	2020-05-22 15:22:14.052122	2020-05-22 15:22:14.052122
102	87	5	2020-05-22 15:22:14.055652	2020-05-22 15:22:14.055652
103	87	4	2020-05-22 15:22:14.058666	2020-05-22 15:22:14.058666
104	88	2	2020-05-22 15:22:14.104236	2020-05-22 15:22:14.104236
105	89	3	2020-05-22 15:22:14.141112	2020-05-22 15:22:14.141112
106	89	4	2020-05-22 15:22:14.144381	2020-05-22 15:22:14.144381
107	90	1	2020-05-22 15:22:14.188179	2020-05-22 15:22:14.188179
108	90	5	2020-05-22 15:22:14.191002	2020-05-22 15:22:14.191002
109	91	1	2020-05-22 15:22:14.236713	2020-05-22 15:22:14.236713
110	91	5	2020-05-22 15:22:14.239553	2020-05-22 15:22:14.239553
111	91	4	2020-05-22 15:22:14.242375	2020-05-22 15:22:14.242375
112	92	3	2020-05-22 15:22:14.277267	2020-05-22 15:22:14.277267
113	92	6	2020-05-22 15:22:14.280156	2020-05-22 15:22:14.280156
114	93	2	2020-05-22 15:22:14.318618	2020-05-22 15:22:14.318618
115	94	2	2020-05-22 15:22:14.360644	2020-05-22 15:22:14.360644
116	94	1	2020-05-22 15:22:14.363693	2020-05-22 15:22:14.363693
117	94	5	2020-05-22 15:22:14.366723	2020-05-22 15:22:14.366723
118	94	4	2020-05-22 15:22:14.369684	2020-05-22 15:22:14.369684
119	94	6	2020-05-22 15:22:14.372511	2020-05-22 15:22:14.372511
120	95	2	2020-05-22 15:22:14.430333	2020-05-22 15:22:14.430333
121	96	1	2020-05-22 15:22:14.474576	2020-05-22 15:22:14.474576
122	96	5	2020-05-22 15:22:14.478039	2020-05-22 15:22:14.478039
123	96	4	2020-05-22 15:22:14.480939	2020-05-22 15:22:14.480939
124	97	2	2020-05-22 15:22:14.522331	2020-05-22 15:22:14.522331
125	97	3	2020-05-22 15:22:14.525626	2020-05-22 15:22:14.525626
126	98	2	2020-05-22 15:22:14.563267	2020-05-22 15:22:14.563267
127	98	4	2020-05-22 15:22:14.566223	2020-05-22 15:22:14.566223
128	99	1	2020-05-22 15:22:14.62136	2020-05-22 15:22:14.62136
129	99	5	2020-05-22 15:22:14.624376	2020-05-22 15:22:14.624376
130	99	4	2020-05-22 15:22:14.627186	2020-05-22 15:22:14.627186
131	99	6	2020-05-22 15:22:14.629992	2020-05-22 15:22:14.629992
132	100	1	2020-05-22 15:22:14.669754	2020-05-22 15:22:14.669754
133	100	5	2020-05-22 15:22:14.673167	2020-05-22 15:22:14.673167
134	100	4	2020-05-22 15:22:14.676145	2020-05-22 15:22:14.676145
135	100	6	2020-05-22 15:22:14.679192	2020-05-22 15:22:14.679192
136	101	3	2020-05-22 15:22:14.719185	2020-05-22 15:22:14.719185
\.


--
-- Name: goals_dishes_id_seq; Type: SEQUENCE SET; Schema: public; Owner: y.kopylov
--

SELECT pg_catalog.setval('public.goals_dishes_id_seq', 136, true);


--
-- Name: goals_id_seq; Type: SEQUENCE SET; Schema: public; Owner: y.kopylov
--

SELECT pg_catalog.setval('public.goals_id_seq', 6, true);


--
-- Data for Name: ingredient_products; Type: TABLE DATA; Schema: public; Owner: y.kopylov
--

COPY public.ingredient_products (id, ingredient_id, product_id, created_at, updated_at) FROM stdin;
476	7	432	2020-05-22 17:14:08.792957	2020-05-22 17:14:08.792957
477	7	433	2020-05-22 17:14:08.898488	2020-05-22 17:14:08.898488
478	7	434	2020-05-22 17:14:09.017226	2020-05-22 17:14:09.017226
479	7	435	2020-05-22 17:14:09.075414	2020-05-22 17:14:09.075414
480	7	436	2020-05-22 17:14:09.086725	2020-05-22 17:14:09.086725
481	8	437	2020-05-22 17:14:10.185017	2020-05-22 17:14:10.185017
482	8	438	2020-05-22 17:14:10.195324	2020-05-22 17:14:10.195324
483	8	439	2020-05-22 17:14:10.206068	2020-05-22 17:14:10.206068
484	8	440	2020-05-22 17:14:10.222651	2020-05-22 17:14:10.222651
485	8	441	2020-05-22 17:14:10.237811	2020-05-22 17:14:10.237811
486	9	442	2020-05-22 17:14:11.559829	2020-05-22 17:14:11.559829
487	9	443	2020-05-22 17:14:11.568995	2020-05-22 17:14:11.568995
488	9	444	2020-05-22 17:14:11.579249	2020-05-22 17:14:11.579249
489	9	445	2020-05-22 17:14:11.592809	2020-05-22 17:14:11.592809
490	11	446	2020-05-22 17:14:15.681729	2020-05-22 17:14:15.681729
491	11	447	2020-05-22 17:14:15.693044	2020-05-22 17:14:15.693044
492	11	448	2020-05-22 17:14:15.709457	2020-05-22 17:14:15.709457
493	11	449	2020-05-22 17:14:15.719617	2020-05-22 17:14:15.719617
494	11	450	2020-05-22 17:14:15.732488	2020-05-22 17:14:15.732488
495	12	451	2020-05-22 17:14:22.911426	2020-05-22 17:14:22.911426
496	12	452	2020-05-22 17:14:22.921242	2020-05-22 17:14:22.921242
497	12	453	2020-05-22 17:14:22.963193	2020-05-22 17:14:22.963193
498	12	454	2020-05-22 17:14:22.973452	2020-05-22 17:14:22.973452
499	12	455	2020-05-22 17:14:22.982646	2020-05-22 17:14:22.982646
500	13	456	2020-05-22 17:14:24.233737	2020-05-22 17:14:24.233737
501	14	457	2020-05-22 17:14:25.34623	2020-05-22 17:14:25.34623
502	14	458	2020-05-22 17:14:25.357303	2020-05-22 17:14:25.357303
503	14	459	2020-05-22 17:14:25.367127	2020-05-22 17:14:25.367127
504	14	460	2020-05-22 17:14:25.375649	2020-05-22 17:14:25.375649
505	14	461	2020-05-22 17:14:25.385771	2020-05-22 17:14:25.385771
506	16	462	2020-05-22 17:14:27.988163	2020-05-22 17:14:27.988163
507	16	463	2020-05-22 17:14:27.996511	2020-05-22 17:14:27.996511
508	16	464	2020-05-22 17:14:28.007196	2020-05-22 17:14:28.007196
509	16	465	2020-05-22 17:14:28.015866	2020-05-22 17:14:28.015866
510	16	466	2020-05-22 17:14:28.024067	2020-05-22 17:14:28.024067
511	17	467	2020-05-22 17:14:36.922809	2020-05-22 17:14:36.922809
512	17	468	2020-05-22 17:14:36.937917	2020-05-22 17:14:36.937917
513	17	469	2020-05-22 17:14:36.949208	2020-05-22 17:14:36.949208
514	17	470	2020-05-22 17:14:36.994046	2020-05-22 17:14:36.994046
515	17	471	2020-05-22 17:14:37.008632	2020-05-22 17:14:37.008632
516	18	472	2020-05-22 17:14:38.617375	2020-05-22 17:14:38.617375
517	18	473	2020-05-22 17:14:38.627421	2020-05-22 17:14:38.627421
518	18	474	2020-05-22 17:14:38.637982	2020-05-22 17:14:38.637982
519	18	475	2020-05-22 17:14:38.647771	2020-05-22 17:14:38.647771
520	18	476	2020-05-22 17:14:38.660157	2020-05-22 17:14:38.660157
521	19	477	2020-05-22 17:14:39.679035	2020-05-22 17:14:39.679035
522	19	478	2020-05-22 17:14:39.688894	2020-05-22 17:14:39.688894
523	19	479	2020-05-22 17:14:39.700459	2020-05-22 17:14:39.700459
524	19	480	2020-05-22 17:14:39.711152	2020-05-22 17:14:39.711152
525	19	481	2020-05-22 17:14:39.724781	2020-05-22 17:14:39.724781
526	20	482	2020-05-22 17:14:40.594041	2020-05-22 17:14:40.594041
527	20	483	2020-05-22 17:14:40.602265	2020-05-22 17:14:40.602265
528	20	484	2020-05-22 17:14:40.61278	2020-05-22 17:14:40.61278
529	20	485	2020-05-22 17:14:40.626167	2020-05-22 17:14:40.626167
530	20	486	2020-05-22 17:14:40.639927	2020-05-22 17:14:40.639927
531	21	487	2020-05-22 17:14:46.585175	2020-05-22 17:14:46.585175
532	21	488	2020-05-22 17:14:46.634808	2020-05-22 17:14:46.634808
533	21	489	2020-05-22 17:14:46.65031	2020-05-22 17:14:46.65031
534	21	490	2020-05-22 17:14:46.660493	2020-05-22 17:14:46.660493
535	21	491	2020-05-22 17:14:46.672126	2020-05-22 17:14:46.672126
536	22	492	2020-05-22 17:14:52.738504	2020-05-22 17:14:52.738504
537	22	493	2020-05-22 17:14:52.749336	2020-05-22 17:14:52.749336
538	22	494	2020-05-22 17:14:52.7583	2020-05-22 17:14:52.7583
539	22	495	2020-05-22 17:14:52.767875	2020-05-22 17:14:52.767875
540	22	496	2020-05-22 17:14:52.782545	2020-05-22 17:14:52.782545
541	23	432	2020-05-22 17:14:55.586473	2020-05-22 17:14:55.586473
542	23	433	2020-05-22 17:14:55.592663	2020-05-22 17:14:55.592663
543	23	434	2020-05-22 17:14:55.599979	2020-05-22 17:14:55.599979
544	23	435	2020-05-22 17:14:55.607112	2020-05-22 17:14:55.607112
545	23	436	2020-05-22 17:14:55.613194	2020-05-22 17:14:55.613194
546	24	497	2020-05-22 17:14:58.37305	2020-05-22 17:14:58.37305
547	24	498	2020-05-22 17:14:58.383208	2020-05-22 17:14:58.383208
548	24	499	2020-05-22 17:14:58.393331	2020-05-22 17:14:58.393331
549	24	500	2020-05-22 17:14:58.404461	2020-05-22 17:14:58.404461
550	24	501	2020-05-22 17:14:58.420071	2020-05-22 17:14:58.420071
551	25	502	2020-05-22 17:15:01.747628	2020-05-22 17:15:01.747628
552	25	503	2020-05-22 17:15:01.757374	2020-05-22 17:15:01.757374
553	25	504	2020-05-22 17:15:01.766766	2020-05-22 17:15:01.766766
554	25	505	2020-05-22 17:15:01.781829	2020-05-22 17:15:01.781829
555	25	506	2020-05-22 17:15:01.794819	2020-05-22 17:15:01.794819
556	27	507	2020-05-22 17:15:06.594722	2020-05-22 17:15:06.594722
557	27	508	2020-05-22 17:15:06.608479	2020-05-22 17:15:06.608479
558	27	509	2020-05-22 17:15:06.619163	2020-05-22 17:15:06.619163
559	27	510	2020-05-22 17:15:06.63549	2020-05-22 17:15:06.63549
560	27	511	2020-05-22 17:15:06.652771	2020-05-22 17:15:06.652771
561	28	512	2020-05-22 17:15:09.90499	2020-05-22 17:15:09.90499
562	28	513	2020-05-22 17:15:09.916081	2020-05-22 17:15:09.916081
563	28	514	2020-05-22 17:15:09.929767	2020-05-22 17:15:09.929767
564	28	515	2020-05-22 17:15:09.9406	2020-05-22 17:15:09.9406
565	28	516	2020-05-22 17:15:09.950478	2020-05-22 17:15:09.950478
566	29	517	2020-05-22 17:15:11.447725	2020-05-22 17:15:11.447725
567	29	518	2020-05-22 17:15:11.45786	2020-05-22 17:15:11.45786
568	29	519	2020-05-22 17:15:11.467885	2020-05-22 17:15:11.467885
569	29	520	2020-05-22 17:15:11.515393	2020-05-22 17:15:11.515393
570	29	521	2020-05-22 17:15:11.532415	2020-05-22 17:15:11.532415
571	30	522	2020-05-22 17:15:14.610818	2020-05-22 17:15:14.610818
572	30	523	2020-05-22 17:15:14.624797	2020-05-22 17:15:14.624797
573	30	524	2020-05-22 17:15:14.638222	2020-05-22 17:15:14.638222
574	30	525	2020-05-22 17:15:14.647971	2020-05-22 17:15:14.647971
575	30	526	2020-05-22 17:15:14.660761	2020-05-22 17:15:14.660761
576	31	527	2020-05-22 17:15:15.628354	2020-05-22 17:15:15.628354
577	31	528	2020-05-22 17:15:15.641118	2020-05-22 17:15:15.641118
578	31	529	2020-05-22 17:15:15.650748	2020-05-22 17:15:15.650748
579	31	530	2020-05-22 17:15:15.667315	2020-05-22 17:15:15.667315
580	31	531	2020-05-22 17:15:15.685138	2020-05-22 17:15:15.685138
581	33	487	2020-05-22 17:15:16.732769	2020-05-22 17:15:16.732769
582	34	422	2020-05-22 17:15:17.56504	2020-05-22 17:15:17.56504
583	34	423	2020-05-22 17:15:17.57585	2020-05-22 17:15:17.57585
584	34	424	2020-05-22 17:15:17.584063	2020-05-22 17:15:17.584063
585	34	425	2020-05-22 17:15:17.593055	2020-05-22 17:15:17.593055
586	34	426	2020-05-22 17:15:17.602234	2020-05-22 17:15:17.602234
587	35	532	2020-05-22 17:15:19.077111	2020-05-22 17:15:19.077111
588	35	533	2020-05-22 17:15:19.114549	2020-05-22 17:15:19.114549
589	35	534	2020-05-22 17:15:19.125059	2020-05-22 17:15:19.125059
590	35	535	2020-05-22 17:15:19.13406	2020-05-22 17:15:19.13406
591	35	536	2020-05-22 17:15:19.150519	2020-05-22 17:15:19.150519
592	36	537	2020-05-22 17:15:21.012206	2020-05-22 17:15:21.012206
593	36	538	2020-05-22 17:15:21.023885	2020-05-22 17:15:21.023885
594	36	539	2020-05-22 17:15:21.033537	2020-05-22 17:15:21.033537
595	36	540	2020-05-22 17:15:21.048816	2020-05-22 17:15:21.048816
596	36	541	2020-05-22 17:15:21.06411	2020-05-22 17:15:21.06411
597	37	542	2020-05-22 17:15:23.238096	2020-05-22 17:15:23.238096
598	37	543	2020-05-22 17:15:23.248322	2020-05-22 17:15:23.248322
599	37	544	2020-05-22 17:15:23.258156	2020-05-22 17:15:23.258156
600	37	545	2020-05-22 17:15:23.267276	2020-05-22 17:15:23.267276
601	37	546	2020-05-22 17:15:23.279955	2020-05-22 17:15:23.279955
602	38	547	2020-05-22 17:15:24.4748	2020-05-22 17:15:24.4748
603	38	548	2020-05-22 17:15:24.484335	2020-05-22 17:15:24.484335
604	38	549	2020-05-22 17:15:24.49388	2020-05-22 17:15:24.49388
605	38	550	2020-05-22 17:15:24.502689	2020-05-22 17:15:24.502689
606	38	551	2020-05-22 17:15:24.546828	2020-05-22 17:15:24.546828
607	39	552	2020-05-22 17:15:25.57393	2020-05-22 17:15:25.57393
608	39	553	2020-05-22 17:15:25.585547	2020-05-22 17:15:25.585547
609	39	554	2020-05-22 17:15:25.595945	2020-05-22 17:15:25.595945
610	40	555	2020-05-22 17:15:26.508901	2020-05-22 17:15:26.508901
611	40	556	2020-05-22 17:15:26.517204	2020-05-22 17:15:26.517204
612	40	557	2020-05-22 17:15:26.527677	2020-05-22 17:15:26.527677
613	40	558	2020-05-22 17:15:26.53628	2020-05-22 17:15:26.53628
614	40	559	2020-05-22 17:15:26.550242	2020-05-22 17:15:26.550242
615	41	560	2020-05-22 17:15:27.800597	2020-05-22 17:15:27.800597
616	41	561	2020-05-22 17:15:27.810327	2020-05-22 17:15:27.810327
617	41	562	2020-05-22 17:15:27.820251	2020-05-22 17:15:27.820251
618	41	563	2020-05-22 17:15:27.831405	2020-05-22 17:15:27.831405
619	43	564	2020-05-22 17:15:30.105136	2020-05-22 17:15:30.105136
620	43	565	2020-05-22 17:15:30.114254	2020-05-22 17:15:30.114254
621	43	566	2020-05-22 17:15:30.12489	2020-05-22 17:15:30.12489
622	43	567	2020-05-22 17:15:30.136957	2020-05-22 17:15:30.136957
623	43	568	2020-05-22 17:15:30.149714	2020-05-22 17:15:30.149714
624	44	569	2020-05-22 17:15:31.32528	2020-05-22 17:15:31.32528
625	44	570	2020-05-22 17:15:31.335322	2020-05-22 17:15:31.335322
626	44	571	2020-05-22 17:15:31.345411	2020-05-22 17:15:31.345411
627	44	572	2020-05-22 17:15:31.355229	2020-05-22 17:15:31.355229
628	44	573	2020-05-22 17:15:31.369886	2020-05-22 17:15:31.369886
629	45	503	2020-05-22 17:15:32.662142	2020-05-22 17:15:32.662142
630	45	574	2020-05-22 17:15:32.672246	2020-05-22 17:15:32.672246
631	45	575	2020-05-22 17:15:32.683518	2020-05-22 17:15:32.683518
632	45	576	2020-05-22 17:15:32.694518	2020-05-22 17:15:32.694518
633	45	577	2020-05-22 17:15:32.706186	2020-05-22 17:15:32.706186
634	46	578	2020-05-22 17:15:33.658006	2020-05-22 17:15:33.658006
635	46	579	2020-05-22 17:15:33.666356	2020-05-22 17:15:33.666356
636	46	580	2020-05-22 17:15:33.675944	2020-05-22 17:15:33.675944
637	46	542	2020-05-22 17:15:33.681949	2020-05-22 17:15:33.681949
638	46	543	2020-05-22 17:15:33.694671	2020-05-22 17:15:33.694671
639	47	581	2020-05-22 17:15:35.689591	2020-05-22 17:15:35.689591
640	47	582	2020-05-22 17:15:35.698672	2020-05-22 17:15:35.698672
641	47	583	2020-05-22 17:15:35.708885	2020-05-22 17:15:35.708885
642	47	584	2020-05-22 17:15:35.746204	2020-05-22 17:15:35.746204
643	47	585	2020-05-22 17:15:35.758331	2020-05-22 17:15:35.758331
644	47	586	2020-05-22 17:15:35.771516	2020-05-22 17:15:35.771516
645	47	587	2020-05-22 17:15:35.786175	2020-05-22 17:15:35.786175
646	47	588	2020-05-22 17:15:35.803963	2020-05-22 17:15:35.803963
647	48	589	2020-05-22 17:15:39.210417	2020-05-22 17:15:39.210417
648	48	590	2020-05-22 17:15:39.221516	2020-05-22 17:15:39.221516
649	48	591	2020-05-22 17:15:39.230389	2020-05-22 17:15:39.230389
650	48	592	2020-05-22 17:15:39.239654	2020-05-22 17:15:39.239654
651	48	593	2020-05-22 17:15:39.252752	2020-05-22 17:15:39.252752
853	15	763	2020-05-22 17:17:30.545237	2020-05-22 17:17:30.545237
854	32	492	2020-05-22 17:17:35.952101	2020-05-22 17:17:35.952101
855	32	493	2020-05-22 17:17:35.961409	2020-05-22 17:17:35.961409
856	32	494	2020-05-22 17:17:35.969497	2020-05-22 17:17:35.969497
857	32	495	2020-05-22 17:17:35.979643	2020-05-22 17:17:35.979643
858	32	496	2020-05-22 17:17:35.988382	2020-05-22 17:17:35.988382
868	53	734	2020-05-22 17:17:47.204837	2020-05-22 17:17:47.204837
869	53	510	2020-05-22 17:17:47.211861	2020-05-22 17:17:47.211861
870	53	735	2020-05-22 17:17:47.218221	2020-05-22 17:17:47.218221
871	54	535	2020-05-22 17:17:48.493892	2020-05-22 17:17:48.493892
872	54	770	2020-05-22 17:17:48.508358	2020-05-22 17:17:48.508358
873	54	771	2020-05-22 17:17:48.518295	2020-05-22 17:17:48.518295
874	54	772	2020-05-22 17:17:48.534519	2020-05-22 17:17:48.534519
875	60	773	2020-05-22 17:17:49.878179	2020-05-22 17:17:49.878179
876	60	552	2020-05-22 17:17:49.884869	2020-05-22 17:17:49.884869
877	60	774	2020-05-22 17:17:49.895433	2020-05-22 17:17:49.895433
878	62	775	2020-05-22 17:17:52.784358	2020-05-22 17:17:52.784358
879	62	776	2020-05-22 17:17:52.792822	2020-05-22 17:17:52.792822
880	62	777	2020-05-22 17:17:52.80318	2020-05-22 17:17:52.80318
881	62	722	2020-05-22 17:17:52.812965	2020-05-22 17:17:52.812965
882	62	778	2020-05-22 17:17:52.828856	2020-05-22 17:17:52.828856
883	64	741	2020-05-22 17:17:57.878904	2020-05-22 17:17:57.878904
884	64	742	2020-05-22 17:17:57.925617	2020-05-22 17:17:57.925617
885	64	743	2020-05-22 17:17:57.935404	2020-05-22 17:17:57.935404
886	64	744	2020-05-22 17:17:57.943275	2020-05-22 17:17:57.943275
887	64	745	2020-05-22 17:17:57.950306	2020-05-22 17:17:57.950306
888	67	779	2020-05-22 17:18:04.579515	2020-05-22 17:18:04.579515
889	67	780	2020-05-22 17:18:04.588352	2020-05-22 17:18:04.588352
890	67	781	2020-05-22 17:18:04.600533	2020-05-22 17:18:04.600533
891	67	782	2020-05-22 17:18:04.614606	2020-05-22 17:18:04.614606
892	67	783	2020-05-22 17:18:04.628312	2020-05-22 17:18:04.628312
893	69	784	2020-05-22 17:18:06.249421	2020-05-22 17:18:06.249421
894	69	537	2020-05-22 17:18:06.257129	2020-05-22 17:18:06.257129
895	69	785	2020-05-22 17:18:06.267752	2020-05-22 17:18:06.267752
896	69	538	2020-05-22 17:18:06.274443	2020-05-22 17:18:06.274443
897	69	539	2020-05-22 17:18:06.286236	2020-05-22 17:18:06.286236
898	71	786	2020-05-22 17:18:08.731556	2020-05-22 17:18:08.731556
899	71	787	2020-05-22 17:18:08.74058	2020-05-22 17:18:08.74058
900	71	788	2020-05-22 17:18:08.750523	2020-05-22 17:18:08.750523
901	71	789	2020-05-22 17:18:08.759636	2020-05-22 17:18:08.759636
902	75	650	2020-05-22 17:18:10.218463	2020-05-22 17:18:10.218463
903	75	790	2020-05-22 17:18:10.258002	2020-05-22 17:18:10.258002
904	75	791	2020-05-22 17:18:10.269097	2020-05-22 17:18:10.269097
905	75	792	2020-05-22 17:18:10.280998	2020-05-22 17:18:10.280998
906	75	793	2020-05-22 17:18:10.292176	2020-05-22 17:18:10.292176
907	97	412	2020-05-22 17:18:21.544647	2020-05-22 17:18:21.544647
908	97	413	2020-05-22 17:18:21.553232	2020-05-22 17:18:21.553232
909	97	414	2020-05-22 17:18:21.562951	2020-05-22 17:18:21.562951
910	97	415	2020-05-22 17:18:21.570345	2020-05-22 17:18:21.570345
911	97	416	2020-05-22 17:18:21.578185	2020-05-22 17:18:21.578185
912	10	794	2020-05-22 17:44:04.403367	2020-05-22 17:44:04.403367
913	10	795	2020-05-22 17:44:04.473311	2020-05-22 17:44:04.473311
914	10	796	2020-05-22 17:44:04.5036	2020-05-22 17:44:04.5036
915	10	797	2020-05-22 17:44:04.535268	2020-05-22 17:44:04.535268
916	10	707	2020-05-22 17:44:04.577389	2020-05-22 17:44:04.577389
917	82	517	2020-05-22 17:44:06.649034	2020-05-22 17:44:06.649034
918	82	518	2020-05-22 17:44:06.657797	2020-05-22 17:44:06.657797
919	82	519	2020-05-22 17:44:06.666017	2020-05-22 17:44:06.666017
920	82	520	2020-05-22 17:44:06.717814	2020-05-22 17:44:06.717814
921	82	798	2020-05-22 17:44:06.729556	2020-05-22 17:44:06.729556
922	1	799	2020-05-22 17:44:45.177467	2020-05-22 17:44:45.177467
652	50	594	2020-05-22 17:15:42.130135	2020-05-22 17:15:42.130135
653	50	595	2020-05-22 17:15:42.143642	2020-05-22 17:15:42.143642
654	50	596	2020-05-22 17:15:42.15335	2020-05-22 17:15:42.15335
655	50	597	2020-05-22 17:15:42.169367	2020-05-22 17:15:42.169367
656	50	598	2020-05-22 17:15:42.186808	2020-05-22 17:15:42.186808
657	50	599	2020-05-22 17:15:42.200715	2020-05-22 17:15:42.200715
658	51	462	2020-05-22 17:15:45.043721	2020-05-22 17:15:45.043721
659	51	463	2020-05-22 17:15:45.052037	2020-05-22 17:15:45.052037
660	51	464	2020-05-22 17:15:45.060797	2020-05-22 17:15:45.060797
661	51	465	2020-05-22 17:15:45.101241	2020-05-22 17:15:45.101241
662	51	466	2020-05-22 17:15:45.111195	2020-05-22 17:15:45.111195
663	52	600	2020-05-22 17:15:49.056373	2020-05-22 17:15:49.056373
664	52	601	2020-05-22 17:15:49.068897	2020-05-22 17:15:49.068897
665	52	602	2020-05-22 17:15:49.083791	2020-05-22 17:15:49.083791
666	52	603	2020-05-22 17:15:49.09426	2020-05-22 17:15:49.09426
667	55	604	2020-05-22 17:15:50.018524	2020-05-22 17:15:50.018524
668	55	605	2020-05-22 17:15:50.029057	2020-05-22 17:15:50.029057
669	55	606	2020-05-22 17:15:50.038792	2020-05-22 17:15:50.038792
670	55	607	2020-05-22 17:15:50.054341	2020-05-22 17:15:50.054341
671	55	608	2020-05-22 17:15:50.070685	2020-05-22 17:15:50.070685
672	56	609	2020-05-22 17:15:52.241934	2020-05-22 17:15:52.241934
673	56	610	2020-05-22 17:15:52.251205	2020-05-22 17:15:52.251205
674	56	611	2020-05-22 17:15:52.261297	2020-05-22 17:15:52.261297
675	56	612	2020-05-22 17:15:52.270867	2020-05-22 17:15:52.270867
676	56	613	2020-05-22 17:15:52.283406	2020-05-22 17:15:52.283406
677	57	614	2020-05-22 17:15:53.335973	2020-05-22 17:15:53.335973
678	57	615	2020-05-22 17:15:53.345282	2020-05-22 17:15:53.345282
679	58	616	2020-05-22 17:15:56.932715	2020-05-22 17:15:56.932715
680	58	617	2020-05-22 17:15:56.945158	2020-05-22 17:15:56.945158
681	58	618	2020-05-22 17:15:56.954195	2020-05-22 17:15:56.954195
682	59	619	2020-05-22 17:15:59.765308	2020-05-22 17:15:59.765308
683	59	620	2020-05-22 17:15:59.77537	2020-05-22 17:15:59.77537
684	59	621	2020-05-22 17:15:59.785182	2020-05-22 17:15:59.785182
685	59	622	2020-05-22 17:15:59.796324	2020-05-22 17:15:59.796324
686	59	623	2020-05-22 17:15:59.808701	2020-05-22 17:15:59.808701
687	61	624	2020-05-22 17:16:01.683568	2020-05-22 17:16:01.683568
688	61	600	2020-05-22 17:16:01.689628	2020-05-22 17:16:01.689628
689	61	601	2020-05-22 17:16:01.698198	2020-05-22 17:16:01.698198
690	61	625	2020-05-22 17:16:01.706993	2020-05-22 17:16:01.706993
691	61	602	2020-05-22 17:16:01.72001	2020-05-22 17:16:01.72001
692	61	626	2020-05-22 17:16:01.732847	2020-05-22 17:16:01.732847
693	63	627	2020-05-22 17:16:02.978156	2020-05-22 17:16:02.978156
694	63	628	2020-05-22 17:16:02.987732	2020-05-22 17:16:02.987732
695	63	629	2020-05-22 17:16:02.997569	2020-05-22 17:16:02.997569
696	63	630	2020-05-22 17:16:03.006146	2020-05-22 17:16:03.006146
697	65	482	2020-05-22 17:16:03.968523	2020-05-22 17:16:03.968523
698	65	483	2020-05-22 17:16:04.006674	2020-05-22 17:16:04.006674
699	65	484	2020-05-22 17:16:04.012844	2020-05-22 17:16:04.012844
700	65	485	2020-05-22 17:16:04.020532	2020-05-22 17:16:04.020532
701	65	486	2020-05-22 17:16:04.028399	2020-05-22 17:16:04.028399
702	66	631	2020-05-22 17:16:04.932756	2020-05-22 17:16:04.932756
703	66	632	2020-05-22 17:16:04.945409	2020-05-22 17:16:04.945409
704	66	633	2020-05-22 17:16:04.954321	2020-05-22 17:16:04.954321
705	66	634	2020-05-22 17:16:04.96787	2020-05-22 17:16:04.96787
706	68	635	2020-05-22 17:16:10.5643	2020-05-22 17:16:10.5643
707	68	636	2020-05-22 17:16:10.575555	2020-05-22 17:16:10.575555
708	68	637	2020-05-22 17:16:10.58468	2020-05-22 17:16:10.58468
709	68	638	2020-05-22 17:16:10.593721	2020-05-22 17:16:10.593721
710	68	639	2020-05-22 17:16:10.608403	2020-05-22 17:16:10.608403
711	70	640	2020-05-22 17:16:11.918669	2020-05-22 17:16:11.918669
712	72	641	2020-05-22 17:16:13.043693	2020-05-22 17:16:13.043693
713	72	642	2020-05-22 17:16:13.052546	2020-05-22 17:16:13.052546
714	73	643	2020-05-22 17:16:14.986386	2020-05-22 17:16:14.986386
715	73	644	2020-05-22 17:16:14.998681	2020-05-22 17:16:14.998681
716	73	645	2020-05-22 17:16:15.042106	2020-05-22 17:16:15.042106
717	73	646	2020-05-22 17:16:15.056951	2020-05-22 17:16:15.056951
718	73	647	2020-05-22 17:16:15.068118	2020-05-22 17:16:15.068118
719	73	648	2020-05-22 17:16:15.078053	2020-05-22 17:16:15.078053
720	73	649	2020-05-22 17:16:15.09382	2020-05-22 17:16:15.09382
721	73	650	2020-05-22 17:16:15.110209	2020-05-22 17:16:15.110209
722	73	651	2020-05-22 17:16:15.120064	2020-05-22 17:16:15.120064
723	74	652	2020-05-22 17:16:17.403536	2020-05-22 17:16:17.403536
724	74	653	2020-05-22 17:16:17.411764	2020-05-22 17:16:17.411764
725	74	654	2020-05-22 17:16:17.421957	2020-05-22 17:16:17.421957
726	74	655	2020-05-22 17:16:17.434758	2020-05-22 17:16:17.434758
727	74	656	2020-05-22 17:16:17.44643	2020-05-22 17:16:17.44643
728	76	657	2020-05-22 17:16:19.842638	2020-05-22 17:16:19.842638
729	76	635	2020-05-22 17:16:19.848865	2020-05-22 17:16:19.848865
730	76	658	2020-05-22 17:16:19.859317	2020-05-22 17:16:19.859317
731	76	659	2020-05-22 17:16:19.872394	2020-05-22 17:16:19.872394
732	76	660	2020-05-22 17:16:19.887496	2020-05-22 17:16:19.887496
733	77	661	2020-05-22 17:16:23.952729	2020-05-22 17:16:23.952729
734	77	662	2020-05-22 17:16:24.000261	2020-05-22 17:16:24.000261
735	77	663	2020-05-22 17:16:24.015728	2020-05-22 17:16:24.015728
736	77	664	2020-05-22 17:16:24.025558	2020-05-22 17:16:24.025558
737	77	665	2020-05-22 17:16:24.035286	2020-05-22 17:16:24.035286
738	78	666	2020-05-22 17:16:25.863266	2020-05-22 17:16:25.863266
739	78	667	2020-05-22 17:16:25.872168	2020-05-22 17:16:25.872168
740	78	668	2020-05-22 17:16:25.882137	2020-05-22 17:16:25.882137
741	78	669	2020-05-22 17:16:25.890302	2020-05-22 17:16:25.890302
742	79	670	2020-05-22 17:16:27.144839	2020-05-22 17:16:27.144839
743	79	671	2020-05-22 17:16:27.153311	2020-05-22 17:16:27.153311
744	79	672	2020-05-22 17:16:27.165142	2020-05-22 17:16:27.165142
745	80	673	2020-05-22 17:16:36.057129	2020-05-22 17:16:36.057129
746	80	633	2020-05-22 17:16:36.065865	2020-05-22 17:16:36.065865
747	80	674	2020-05-22 17:16:36.076948	2020-05-22 17:16:36.076948
748	80	675	2020-05-22 17:16:36.0887	2020-05-22 17:16:36.0887
749	80	459	2020-05-22 17:16:36.096356	2020-05-22 17:16:36.096356
750	81	676	2020-05-22 17:16:37.183985	2020-05-22 17:16:37.183985
751	81	677	2020-05-22 17:16:37.194247	2020-05-22 17:16:37.194247
752	83	678	2020-05-22 17:16:38.592906	2020-05-22 17:16:38.592906
753	83	679	2020-05-22 17:16:38.60535	2020-05-22 17:16:38.60535
754	83	680	2020-05-22 17:16:38.615131	2020-05-22 17:16:38.615131
755	83	681	2020-05-22 17:16:38.62867	2020-05-22 17:16:38.62867
756	83	682	2020-05-22 17:16:38.642993	2020-05-22 17:16:38.642993
757	83	683	2020-05-22 17:16:38.653361	2020-05-22 17:16:38.653361
758	84	684	2020-05-22 17:16:40.713644	2020-05-22 17:16:40.713644
759	84	685	2020-05-22 17:16:40.722276	2020-05-22 17:16:40.722276
760	84	686	2020-05-22 17:16:40.733308	2020-05-22 17:16:40.733308
761	84	687	2020-05-22 17:16:40.744456	2020-05-22 17:16:40.744456
762	84	688	2020-05-22 17:16:40.758596	2020-05-22 17:16:40.758596
859	42	764	2020-05-22 17:17:43.477641	2020-05-22 17:17:43.477641
860	42	765	2020-05-22 17:17:43.488898	2020-05-22 17:17:43.488898
861	42	766	2020-05-22 17:17:43.500529	2020-05-22 17:17:43.500529
862	42	767	2020-05-22 17:17:43.511769	2020-05-22 17:17:43.511769
863	42	768	2020-05-22 17:17:43.526821	2020-05-22 17:17:43.526821
864	49	769	2020-05-22 17:17:44.754983	2020-05-22 17:17:44.754983
865	49	536	2020-05-22 17:17:44.767784	2020-05-22 17:17:44.767784
866	53	507	2020-05-22 17:17:47.18844	2020-05-22 17:17:47.18844
867	53	733	2020-05-22 17:17:47.196847	2020-05-22 17:17:47.196847
763	85	469	2020-05-22 17:16:41.78626	2020-05-22 17:16:41.78626
764	85	689	2020-05-22 17:16:41.843615	2020-05-22 17:16:41.843615
765	85	690	2020-05-22 17:16:41.855359	2020-05-22 17:16:41.855359
766	85	691	2020-05-22 17:16:41.868684	2020-05-22 17:16:41.868684
767	85	692	2020-05-22 17:16:41.886504	2020-05-22 17:16:41.886504
768	85	693	2020-05-22 17:16:41.898555	2020-05-22 17:16:41.898555
769	85	694	2020-05-22 17:16:41.911898	2020-05-22 17:16:41.911898
770	85	695	2020-05-22 17:16:41.945206	2020-05-22 17:16:41.945206
771	86	696	2020-05-22 17:16:43.285762	2020-05-22 17:16:43.285762
772	86	697	2020-05-22 17:16:43.295226	2020-05-22 17:16:43.295226
773	86	698	2020-05-22 17:16:43.305034	2020-05-22 17:16:43.305034
774	86	699	2020-05-22 17:16:43.314339	2020-05-22 17:16:43.314339
775	86	700	2020-05-22 17:16:43.328053	2020-05-22 17:16:43.328053
776	87	652	2020-05-22 17:16:44.439711	2020-05-22 17:16:44.439711
777	87	653	2020-05-22 17:16:44.448059	2020-05-22 17:16:44.448059
778	87	701	2020-05-22 17:16:44.458617	2020-05-22 17:16:44.458617
779	87	654	2020-05-22 17:16:44.467693	2020-05-22 17:16:44.467693
780	87	655	2020-05-22 17:16:44.478367	2020-05-22 17:16:44.478367
781	88	702	2020-05-22 17:16:47.412297	2020-05-22 17:16:47.412297
782	88	703	2020-05-22 17:16:47.420965	2020-05-22 17:16:47.420965
783	88	704	2020-05-22 17:16:47.431844	2020-05-22 17:16:47.431844
784	88	705	2020-05-22 17:16:47.445272	2020-05-22 17:16:47.445272
785	88	706	2020-05-22 17:16:47.460399	2020-05-22 17:16:47.460399
786	89	707	2020-05-22 17:16:48.596759	2020-05-22 17:16:48.596759
787	90	708	2020-05-22 17:16:49.719582	2020-05-22 17:16:49.719582
788	90	709	2020-05-22 17:16:49.72772	2020-05-22 17:16:49.72772
789	90	514	2020-05-22 17:16:49.776206	2020-05-22 17:16:49.776206
790	90	710	2020-05-22 17:16:49.786974	2020-05-22 17:16:49.786974
791	90	711	2020-05-22 17:16:49.798468	2020-05-22 17:16:49.798468
792	91	712	2020-05-22 17:16:51.653424	2020-05-22 17:16:51.653424
793	91	713	2020-05-22 17:16:51.663904	2020-05-22 17:16:51.663904
794	91	714	2020-05-22 17:16:51.673121	2020-05-22 17:16:51.673121
795	91	715	2020-05-22 17:16:51.681835	2020-05-22 17:16:51.681835
796	91	716	2020-05-22 17:16:51.698205	2020-05-22 17:16:51.698205
797	92	717	2020-05-22 17:16:54.627253	2020-05-22 17:16:54.627253
798	92	718	2020-05-22 17:16:54.637838	2020-05-22 17:16:54.637838
799	92	719	2020-05-22 17:16:54.648276	2020-05-22 17:16:54.648276
800	92	720	2020-05-22 17:16:54.665573	2020-05-22 17:16:54.665573
801	92	721	2020-05-22 17:16:54.675335	2020-05-22 17:16:54.675335
802	93	722	2020-05-22 17:16:56.065515	2020-05-22 17:16:56.065515
803	93	723	2020-05-22 17:16:56.074956	2020-05-22 17:16:56.074956
804	93	724	2020-05-22 17:16:56.085462	2020-05-22 17:16:56.085462
805	93	725	2020-05-22 17:16:56.096913	2020-05-22 17:16:56.096913
806	93	726	2020-05-22 17:16:56.108182	2020-05-22 17:16:56.108182
446	1	402	2020-05-22 17:13:18.73578	2020-05-22 17:13:18.73578
447	1	403	2020-05-22 17:13:18.775985	2020-05-22 17:13:18.775985
448	1	404	2020-05-22 17:13:18.820447	2020-05-22 17:13:18.820447
449	1	405	2020-05-22 17:13:18.883215	2020-05-22 17:13:18.883215
450	1	406	2020-05-22 17:13:18.898678	2020-05-22 17:13:18.898678
451	2	407	2020-05-22 17:13:21.652993	2020-05-22 17:13:21.652993
452	2	408	2020-05-22 17:13:21.663647	2020-05-22 17:13:21.663647
453	2	409	2020-05-22 17:13:21.673808	2020-05-22 17:13:21.673808
454	2	410	2020-05-22 17:13:21.688546	2020-05-22 17:13:21.688546
455	2	411	2020-05-22 17:13:21.702656	2020-05-22 17:13:21.702656
456	3	412	2020-05-22 17:13:23.578416	2020-05-22 17:13:23.578416
457	3	413	2020-05-22 17:13:23.588639	2020-05-22 17:13:23.588639
458	3	414	2020-05-22 17:13:23.598493	2020-05-22 17:13:23.598493
459	3	415	2020-05-22 17:13:23.608931	2020-05-22 17:13:23.608931
460	3	416	2020-05-22 17:13:23.62346	2020-05-22 17:13:23.62346
461	4	417	2020-05-22 17:13:29.352728	2020-05-22 17:13:29.352728
462	4	418	2020-05-22 17:13:29.390214	2020-05-22 17:13:29.390214
463	4	419	2020-05-22 17:13:29.437636	2020-05-22 17:13:29.437636
464	4	420	2020-05-22 17:13:29.486997	2020-05-22 17:13:29.486997
465	4	421	2020-05-22 17:13:29.500555	2020-05-22 17:13:29.500555
466	5	422	2020-05-22 17:13:31.521912	2020-05-22 17:13:31.521912
467	5	423	2020-05-22 17:13:31.534281	2020-05-22 17:13:31.534281
468	5	424	2020-05-22 17:13:31.54662	2020-05-22 17:13:31.54662
469	5	425	2020-05-22 17:13:31.561416	2020-05-22 17:13:31.561416
470	5	426	2020-05-22 17:13:31.575603	2020-05-22 17:13:31.575603
471	6	427	2020-05-22 17:13:33.495317	2020-05-22 17:13:33.495317
472	6	428	2020-05-22 17:13:33.506995	2020-05-22 17:13:33.506995
473	6	429	2020-05-22 17:13:33.517179	2020-05-22 17:13:33.517179
474	6	430	2020-05-22 17:13:33.528132	2020-05-22 17:13:33.528132
475	6	431	2020-05-22 17:13:33.542647	2020-05-22 17:13:33.542647
807	93	727	2020-05-22 17:16:56.146726	2020-05-22 17:16:56.146726
808	93	728	2020-05-22 17:16:56.15621	2020-05-22 17:16:56.15621
809	93	729	2020-05-22 17:16:56.164752	2020-05-22 17:16:56.164752
810	94	451	2020-05-22 17:17:03.647461	2020-05-22 17:17:03.647461
811	94	730	2020-05-22 17:17:03.662405	2020-05-22 17:17:03.662405
812	94	731	2020-05-22 17:17:03.672047	2020-05-22 17:17:03.672047
813	94	732	2020-05-22 17:17:03.681876	2020-05-22 17:17:03.681876
814	94	452	2020-05-22 17:17:03.695234	2020-05-22 17:17:03.695234
815	95	507	2020-05-22 17:17:06.934663	2020-05-22 17:17:06.934663
816	95	733	2020-05-22 17:17:06.945476	2020-05-22 17:17:06.945476
817	95	734	2020-05-22 17:17:06.957424	2020-05-22 17:17:06.957424
818	95	510	2020-05-22 17:17:06.964742	2020-05-22 17:17:06.964742
819	95	735	2020-05-22 17:17:06.980946	2020-05-22 17:17:06.980946
820	96	736	2020-05-22 17:17:17.145967	2020-05-22 17:17:17.145967
821	96	737	2020-05-22 17:17:17.157824	2020-05-22 17:17:17.157824
822	96	738	2020-05-22 17:17:17.168347	2020-05-22 17:17:17.168347
823	96	739	2020-05-22 17:17:17.182873	2020-05-22 17:17:17.182873
824	96	740	2020-05-22 17:17:17.196402	2020-05-22 17:17:17.196402
825	98	741	2020-05-22 17:17:18.372104	2020-05-22 17:17:18.372104
826	98	742	2020-05-22 17:17:18.409307	2020-05-22 17:17:18.409307
827	98	743	2020-05-22 17:17:18.421169	2020-05-22 17:17:18.421169
828	98	744	2020-05-22 17:17:18.430515	2020-05-22 17:17:18.430515
829	98	745	2020-05-22 17:17:18.441675	2020-05-22 17:17:18.441675
830	99	552	2020-05-22 17:17:25.918486	2020-05-22 17:17:25.918486
831	99	553	2020-05-22 17:17:25.925581	2020-05-22 17:17:25.925581
832	99	746	2020-05-22 17:17:25.93928	2020-05-22 17:17:25.93928
833	99	554	2020-05-22 17:17:25.950038	2020-05-22 17:17:25.950038
834	99	747	2020-05-22 17:17:25.963285	2020-05-22 17:17:25.963285
835	100	748	2020-05-22 17:17:26.882271	2020-05-22 17:17:26.882271
836	100	749	2020-05-22 17:17:26.892722	2020-05-22 17:17:26.892722
837	100	750	2020-05-22 17:17:26.902218	2020-05-22 17:17:26.902218
838	100	751	2020-05-22 17:17:26.915984	2020-05-22 17:17:26.915984
839	100	752	2020-05-22 17:17:26.936486	2020-05-22 17:17:26.936486
840	26	753	2020-05-22 17:17:28.557744	2020-05-22 17:17:28.557744
841	26	754	2020-05-22 17:17:28.568544	2020-05-22 17:17:28.568544
842	26	507	2020-05-22 17:17:28.575881	2020-05-22 17:17:28.575881
843	26	511	2020-05-22 17:17:28.58198	2020-05-22 17:17:28.58198
844	26	552	2020-05-22 17:17:28.59364	2020-05-22 17:17:28.59364
845	26	755	2020-05-22 17:17:28.633061	2020-05-22 17:17:28.633061
846	26	756	2020-05-22 17:17:28.648693	2020-05-22 17:17:28.648693
847	26	757	2020-05-22 17:17:28.658694	2020-05-22 17:17:28.658694
848	26	758	2020-05-22 17:17:28.668722	2020-05-22 17:17:28.668722
849	15	759	2020-05-22 17:17:30.504753	2020-05-22 17:17:30.504753
850	15	760	2020-05-22 17:17:30.512947	2020-05-22 17:17:30.512947
851	15	761	2020-05-22 17:17:30.523927	2020-05-22 17:17:30.523927
852	15	762	2020-05-22 17:17:30.532666	2020-05-22 17:17:30.532666
923	1	800	2020-05-22 17:44:45.211036	2020-05-22 17:44:45.211036
924	1	801	2020-05-22 17:44:45.24749	2020-05-22 17:44:45.24749
925	2	802	2020-05-22 17:44:47.710357	2020-05-22 17:44:47.710357
926	2	803	2020-05-22 17:44:47.721614	2020-05-22 17:44:47.721614
927	2	804	2020-05-22 17:44:47.731465	2020-05-22 17:44:47.731465
928	3	805	2020-05-22 17:44:48.637339	2020-05-22 17:44:48.637339
929	3	806	2020-05-22 17:44:48.647682	2020-05-22 17:44:48.647682
930	3	807	2020-05-22 17:44:48.658163	2020-05-22 17:44:48.658163
931	4	808	2020-05-22 17:45:40.774567	2020-05-22 17:45:40.774567
932	4	809	2020-05-22 17:45:40.806241	2020-05-22 17:45:40.806241
933	4	810	2020-05-22 17:45:40.853614	2020-05-22 17:45:40.853614
934	5	811	2020-05-22 17:45:41.805231	2020-05-22 17:45:41.805231
935	5	812	2020-05-22 17:45:41.821366	2020-05-22 17:45:41.821366
936	5	813	2020-05-22 17:45:41.838392	2020-05-22 17:45:41.838392
937	6	814	2020-05-22 17:45:42.441245	2020-05-22 17:45:42.441245
938	6	815	2020-05-22 17:45:42.451419	2020-05-22 17:45:42.451419
939	6	816	2020-05-22 17:45:42.462286	2020-05-22 17:45:42.462286
940	7	817	2020-05-22 17:45:53.394443	2020-05-22 17:45:53.394443
941	7	818	2020-05-22 17:45:53.421452	2020-05-22 17:45:53.421452
942	7	819	2020-05-22 17:45:53.444757	2020-05-22 17:45:53.444757
943	8	820	2020-05-22 17:45:54.602562	2020-05-22 17:45:54.602562
944	9	820	2020-05-22 17:45:55.619553	2020-05-22 17:45:55.619553
945	9	821	2020-05-22 17:45:55.670988	2020-05-22 17:45:55.670988
946	11	822	2020-05-22 17:45:56.50717	2020-05-22 17:45:56.50717
947	11	820	2020-05-22 17:45:56.517145	2020-05-22 17:45:56.517145
948	11	823	2020-05-22 17:45:56.526409	2020-05-22 17:45:56.526409
949	12	824	2020-05-22 17:45:57.515844	2020-05-22 17:45:57.515844
950	12	825	2020-05-22 17:45:57.529907	2020-05-22 17:45:57.529907
951	12	826	2020-05-22 17:45:57.539876	2020-05-22 17:45:57.539876
952	14	820	2020-05-22 17:45:59.993221	2020-05-22 17:45:59.993221
953	14	827	2020-05-22 17:46:00.003831	2020-05-22 17:46:00.003831
954	14	828	2020-05-22 17:46:00.058078	2020-05-22 17:46:00.058078
955	16	829	2020-05-22 17:46:00.91194	2020-05-22 17:46:00.91194
956	16	830	2020-05-22 17:46:00.925174	2020-05-22 17:46:00.925174
957	16	831	2020-05-22 17:46:00.939063	2020-05-22 17:46:00.939063
958	17	832	2020-05-22 17:46:03.793921	2020-05-22 17:46:03.793921
959	17	833	2020-05-22 17:46:03.81033	2020-05-22 17:46:03.81033
960	17	834	2020-05-22 17:46:03.8233	2020-05-22 17:46:03.8233
961	18	835	2020-05-22 17:46:04.77619	2020-05-22 17:46:04.77619
962	18	836	2020-05-22 17:46:04.786936	2020-05-22 17:46:04.786936
963	18	837	2020-05-22 17:46:04.797965	2020-05-22 17:46:04.797965
964	19	838	2020-05-22 17:46:05.688613	2020-05-22 17:46:05.688613
965	19	839	2020-05-22 17:46:05.699356	2020-05-22 17:46:05.699356
966	19	840	2020-05-22 17:46:05.708651	2020-05-22 17:46:05.708651
967	20	841	2020-05-22 17:46:06.587073	2020-05-22 17:46:06.587073
968	20	842	2020-05-22 17:46:06.596541	2020-05-22 17:46:06.596541
969	20	843	2020-05-22 17:46:06.606492	2020-05-22 17:46:06.606492
970	21	844	2020-05-22 17:46:07.55861	2020-05-22 17:46:07.55861
971	21	845	2020-05-22 17:46:07.572328	2020-05-22 17:46:07.572328
972	21	846	2020-05-22 17:46:07.582861	2020-05-22 17:46:07.582861
973	22	847	2020-05-22 17:46:08.53117	2020-05-22 17:46:08.53117
974	22	820	2020-05-22 17:46:08.543971	2020-05-22 17:46:08.543971
975	23	848	2020-05-22 17:46:09.469544	2020-05-22 17:46:09.469544
976	23	817	2020-05-22 17:46:09.480835	2020-05-22 17:46:09.480835
977	23	818	2020-05-22 17:46:09.488173	2020-05-22 17:46:09.488173
978	25	820	2020-05-22 17:46:15.175633	2020-05-22 17:46:15.175633
979	25	849	2020-05-22 17:46:15.186748	2020-05-22 17:46:15.186748
980	25	850	2020-05-22 17:46:15.196015	2020-05-22 17:46:15.196015
981	27	851	2020-05-22 17:46:16.641978	2020-05-22 17:46:16.641978
982	27	852	2020-05-22 17:46:16.651723	2020-05-22 17:46:16.651723
983	27	820	2020-05-22 17:46:16.661443	2020-05-22 17:46:16.661443
984	29	853	2020-05-22 17:46:18.551321	2020-05-22 17:46:18.551321
985	30	854	2020-05-22 17:46:19.430672	2020-05-22 17:46:19.430672
986	30	855	2020-05-22 17:46:19.440336	2020-05-22 17:46:19.440336
987	30	856	2020-05-22 17:46:19.450454	2020-05-22 17:46:19.450454
988	31	857	2020-05-22 17:46:20.330373	2020-05-22 17:46:20.330373
989	31	858	2020-05-22 17:46:20.339623	2020-05-22 17:46:20.339623
990	31	859	2020-05-22 17:46:20.349483	2020-05-22 17:46:20.349483
991	34	811	2020-05-22 17:46:22.293688	2020-05-22 17:46:22.293688
992	34	812	2020-05-22 17:46:22.303115	2020-05-22 17:46:22.303115
993	34	813	2020-05-22 17:46:22.311589	2020-05-22 17:46:22.311589
994	35	860	2020-05-22 17:46:23.347392	2020-05-22 17:46:23.347392
995	35	861	2020-05-22 17:46:23.357998	2020-05-22 17:46:23.357998
996	35	862	2020-05-22 17:46:23.36769	2020-05-22 17:46:23.36769
997	36	863	2020-05-22 17:46:24.200896	2020-05-22 17:46:24.200896
998	36	820	2020-05-22 17:46:24.212095	2020-05-22 17:46:24.212095
999	36	864	2020-05-22 17:46:24.22267	2020-05-22 17:46:24.22267
1000	37	865	2020-05-22 17:46:26.945022	2020-05-22 17:46:26.945022
1001	37	866	2020-05-22 17:46:26.954674	2020-05-22 17:46:26.954674
1002	37	867	2020-05-22 17:46:26.964734	2020-05-22 17:46:26.964734
1003	38	868	2020-05-22 17:46:27.859932	2020-05-22 17:46:27.859932
1004	38	869	2020-05-22 17:46:27.870344	2020-05-22 17:46:27.870344
1005	38	870	2020-05-22 17:46:27.879796	2020-05-22 17:46:27.879796
1006	39	871	2020-05-22 17:46:28.750057	2020-05-22 17:46:28.750057
1007	39	872	2020-05-22 17:46:28.760514	2020-05-22 17:46:28.760514
1008	39	873	2020-05-22 17:46:28.771597	2020-05-22 17:46:28.771597
1009	40	874	2020-05-22 17:46:29.648369	2020-05-22 17:46:29.648369
1010	40	875	2020-05-22 17:46:29.658146	2020-05-22 17:46:29.658146
1011	40	876	2020-05-22 17:46:29.697419	2020-05-22 17:46:29.697419
1012	43	877	2020-05-22 17:46:31.40111	2020-05-22 17:46:31.40111
1013	43	878	2020-05-22 17:46:31.41088	2020-05-22 17:46:31.41088
1014	43	879	2020-05-22 17:46:31.420941	2020-05-22 17:46:31.420941
1015	44	820	2020-05-22 17:46:32.372872	2020-05-22 17:46:32.372872
1016	46	820	2020-05-22 17:46:34.147831	2020-05-22 17:46:34.147831
1017	46	880	2020-05-22 17:46:34.157634	2020-05-22 17:46:34.157634
1018	46	881	2020-05-22 17:46:34.168429	2020-05-22 17:46:34.168429
1019	47	863	2020-05-22 17:46:35.20472	2020-05-22 17:46:35.20472
1020	47	882	2020-05-22 17:46:35.21771	2020-05-22 17:46:35.21771
1021	47	883	2020-05-22 17:46:35.227523	2020-05-22 17:46:35.227523
1022	48	884	2020-05-22 17:46:36.054782	2020-05-22 17:46:36.054782
1023	48	885	2020-05-22 17:46:36.064531	2020-05-22 17:46:36.064531
1024	48	886	2020-05-22 17:46:36.074084	2020-05-22 17:46:36.074084
1025	52	887	2020-05-22 17:46:39.58064	2020-05-22 17:46:39.58064
1026	52	820	2020-05-22 17:46:39.59268	2020-05-22 17:46:39.59268
1027	52	888	2020-05-22 17:46:39.65088	2020-05-22 17:46:39.65088
1028	55	889	2020-05-22 17:46:40.469652	2020-05-22 17:46:40.469652
1029	55	890	2020-05-22 17:46:40.480446	2020-05-22 17:46:40.480446
1030	55	891	2020-05-22 17:46:40.492375	2020-05-22 17:46:40.492375
1031	56	892	2020-05-22 17:46:41.394234	2020-05-22 17:46:41.394234
1032	56	893	2020-05-22 17:46:41.404155	2020-05-22 17:46:41.404155
1033	56	894	2020-05-22 17:46:41.414317	2020-05-22 17:46:41.414317
1034	57	895	2020-05-22 17:46:42.509768	2020-05-22 17:46:42.509768
1035	57	896	2020-05-22 17:46:42.52181	2020-05-22 17:46:42.52181
1036	57	897	2020-05-22 17:46:42.531129	2020-05-22 17:46:42.531129
1037	58	820	2020-05-22 17:46:43.385162	2020-05-22 17:46:43.385162
1038	59	898	2020-05-22 17:46:44.260549	2020-05-22 17:46:44.260549
1039	59	899	2020-05-22 17:46:44.271301	2020-05-22 17:46:44.271301
1040	59	900	2020-05-22 17:46:44.281176	2020-05-22 17:46:44.281176
1041	61	887	2020-05-22 17:46:45.146876	2020-05-22 17:46:45.146876
1042	61	820	2020-05-22 17:46:45.158535	2020-05-22 17:46:45.158535
1043	61	888	2020-05-22 17:46:45.166636	2020-05-22 17:46:45.166636
1044	63	901	2020-05-22 17:46:46.07479	2020-05-22 17:46:46.07479
1045	63	820	2020-05-22 17:46:46.088393	2020-05-22 17:46:46.088393
1046	63	902	2020-05-22 17:46:46.099172	2020-05-22 17:46:46.099172
1047	65	903	2020-05-22 17:46:47.009487	2020-05-22 17:46:47.009487
1048	65	904	2020-05-22 17:46:47.019436	2020-05-22 17:46:47.019436
1049	65	905	2020-05-22 17:46:47.029997	2020-05-22 17:46:47.029997
1050	66	906	2020-05-22 17:46:49.448811	2020-05-22 17:46:49.448811
1051	68	868	2020-05-22 17:46:50.358388	2020-05-22 17:46:50.358388
1052	68	869	2020-05-22 17:46:50.36896	2020-05-22 17:46:50.36896
1053	68	870	2020-05-22 17:46:50.377519	2020-05-22 17:46:50.377519
1054	72	907	2020-05-22 17:46:52.237255	2020-05-22 17:46:52.237255
1055	72	908	2020-05-22 17:46:52.24954	2020-05-22 17:46:52.24954
1056	72	909	2020-05-22 17:46:52.258504	2020-05-22 17:46:52.258504
1057	74	910	2020-05-22 17:46:53.750696	2020-05-22 17:46:53.750696
1058	74	911	2020-05-22 17:46:53.761076	2020-05-22 17:46:53.761076
1059	74	820	2020-05-22 17:46:53.772824	2020-05-22 17:46:53.772824
1060	76	868	2020-05-22 17:46:54.679657	2020-05-22 17:46:54.679657
1061	76	869	2020-05-22 17:46:54.68621	2020-05-22 17:46:54.68621
1062	76	912	2020-05-22 17:46:54.696735	2020-05-22 17:46:54.696735
1063	77	820	2020-05-22 17:46:55.874059	2020-05-22 17:46:55.874059
1064	78	913	2020-05-22 17:46:56.768371	2020-05-22 17:46:56.768371
1065	78	914	2020-05-22 17:46:56.778112	2020-05-22 17:46:56.778112
1066	79	915	2020-05-22 17:46:57.946204	2020-05-22 17:46:57.946204
1067	79	916	2020-05-22 17:46:57.957421	2020-05-22 17:46:57.957421
1068	83	917	2020-05-22 17:47:02.041586	2020-05-22 17:47:02.041586
1069	83	918	2020-05-22 17:47:02.051072	2020-05-22 17:47:02.051072
1070	84	919	2020-05-22 17:47:02.992518	2020-05-22 17:47:02.992518
1071	84	920	2020-05-22 17:47:03.00246	2020-05-22 17:47:03.00246
1072	84	921	2020-05-22 17:47:03.012114	2020-05-22 17:47:03.012114
1073	85	922	2020-05-22 17:47:04.24963	2020-05-22 17:47:04.24963
1074	85	923	2020-05-22 17:47:04.260329	2020-05-22 17:47:04.260329
1075	85	924	2020-05-22 17:47:04.269827	2020-05-22 17:47:04.269827
1076	86	820	2020-05-22 17:47:06.443259	2020-05-22 17:47:06.443259
1077	86	925	2020-05-22 17:47:06.455286	2020-05-22 17:47:06.455286
1078	86	926	2020-05-22 17:47:06.464209	2020-05-22 17:47:06.464209
1079	87	910	2020-05-22 17:47:07.112225	2020-05-22 17:47:07.112225
1080	87	911	2020-05-22 17:47:07.157873	2020-05-22 17:47:07.157873
1081	87	820	2020-05-22 17:47:07.170551	2020-05-22 17:47:07.170551
1082	88	927	2020-05-22 17:47:08.00712	2020-05-22 17:47:08.00712
1083	88	928	2020-05-22 17:47:08.017262	2020-05-22 17:47:08.017262
1084	88	929	2020-05-22 17:47:08.029551	2020-05-22 17:47:08.029551
1085	89	820	2020-05-22 17:47:09.846561	2020-05-22 17:47:09.846561
1086	89	930	2020-05-22 17:47:09.857669	2020-05-22 17:47:09.857669
1087	89	931	2020-05-22 17:47:09.86653	2020-05-22 17:47:09.86653
1088	90	932	2020-05-22 17:47:10.732943	2020-05-22 17:47:10.732943
1089	90	933	2020-05-22 17:47:10.746643	2020-05-22 17:47:10.746643
1090	90	934	2020-05-22 17:47:10.758872	2020-05-22 17:47:10.758872
1091	91	935	2020-05-22 17:47:14.217217	2020-05-22 17:47:14.217217
1092	91	936	2020-05-22 17:47:14.228656	2020-05-22 17:47:14.228656
1093	91	937	2020-05-22 17:47:14.239492	2020-05-22 17:47:14.239492
1094	92	938	2020-05-22 17:47:15.228	2020-05-22 17:47:15.228
1095	92	939	2020-05-22 17:47:15.239346	2020-05-22 17:47:15.239346
1096	92	820	2020-05-22 17:47:15.248334	2020-05-22 17:47:15.248334
1097	93	940	2020-05-22 17:47:16.182255	2020-05-22 17:47:16.182255
1098	95	941	2020-05-22 17:47:18.588091	2020-05-22 17:47:18.588091
1099	95	942	2020-05-22 17:47:18.599348	2020-05-22 17:47:18.599348
1100	95	943	2020-05-22 17:47:18.609301	2020-05-22 17:47:18.609301
1101	96	944	2020-05-22 17:47:21.277391	2020-05-22 17:47:21.277391
1102	96	945	2020-05-22 17:47:21.286971	2020-05-22 17:47:21.286971
1103	96	946	2020-05-22 17:47:21.297202	2020-05-22 17:47:21.297202
1104	98	808	2020-05-22 17:47:22.141601	2020-05-22 17:47:22.141601
1105	98	947	2020-05-22 17:47:22.156904	2020-05-22 17:47:22.156904
1106	98	810	2020-05-22 17:47:22.164128	2020-05-22 17:47:22.164128
1107	99	871	2020-05-22 17:47:22.991664	2020-05-22 17:47:22.991664
1108	99	872	2020-05-22 17:47:23.001001	2020-05-22 17:47:23.001001
1109	99	873	2020-05-22 17:47:23.009602	2020-05-22 17:47:23.009602
1110	100	948	2020-05-22 17:47:23.878129	2020-05-22 17:47:23.878129
1111	100	820	2020-05-22 17:47:23.889803	2020-05-22 17:47:23.889803
1112	100	949	2020-05-22 17:47:23.898814	2020-05-22 17:47:23.898814
1113	26	887	2020-05-22 17:47:24.92239	2020-05-22 17:47:24.92239
1114	26	820	2020-05-22 17:47:24.932387	2020-05-22 17:47:24.932387
1115	26	888	2020-05-22 17:47:24.939462	2020-05-22 17:47:24.939462
1116	15	950	2020-05-22 17:47:25.993595	2020-05-22 17:47:25.993595
1117	15	951	2020-05-22 17:47:26.034245	2020-05-22 17:47:26.034245
1118	15	952	2020-05-22 17:47:26.044881	2020-05-22 17:47:26.044881
1119	32	847	2020-05-22 17:47:26.897134	2020-05-22 17:47:26.897134
1120	32	820	2020-05-22 17:47:26.909936	2020-05-22 17:47:26.909936
1121	42	953	2020-05-22 17:47:27.94871	2020-05-22 17:47:27.94871
1122	42	954	2020-05-22 17:47:27.962728	2020-05-22 17:47:27.962728
1123	42	955	2020-05-22 17:47:27.973348	2020-05-22 17:47:27.973348
1124	49	956	2020-05-22 17:47:28.910435	2020-05-22 17:47:28.910435
1125	49	957	2020-05-22 17:47:28.923758	2020-05-22 17:47:28.923758
1126	49	958	2020-05-22 17:47:28.932585	2020-05-22 17:47:28.932585
1127	53	941	2020-05-22 17:47:32.04059	2020-05-22 17:47:32.04059
1128	53	942	2020-05-22 17:47:32.048012	2020-05-22 17:47:32.048012
1129	53	959	2020-05-22 17:47:32.057531	2020-05-22 17:47:32.057531
1130	54	960	2020-05-22 17:47:32.879139	2020-05-22 17:47:32.879139
1131	54	961	2020-05-22 17:47:32.892461	2020-05-22 17:47:32.892461
1132	54	962	2020-05-22 17:47:32.901739	2020-05-22 17:47:32.901739
1133	60	963	2020-05-22 17:47:33.708989	2020-05-22 17:47:33.708989
1134	60	964	2020-05-22 17:47:33.721906	2020-05-22 17:47:33.721906
1135	62	965	2020-05-22 17:47:35.237608	2020-05-22 17:47:35.237608
1136	62	854	2020-05-22 17:47:35.24443	2020-05-22 17:47:35.24443
1137	62	855	2020-05-22 17:47:35.251851	2020-05-22 17:47:35.251851
1138	64	808	2020-05-22 17:47:36.112422	2020-05-22 17:47:36.112422
1139	64	810	2020-05-22 17:47:36.124645	2020-05-22 17:47:36.124645
1140	64	947	2020-05-22 17:47:36.132561	2020-05-22 17:47:36.132561
1141	67	966	2020-05-22 17:47:37.069924	2020-05-22 17:47:37.069924
1142	67	967	2020-05-22 17:47:37.079351	2020-05-22 17:47:37.079351
1143	67	968	2020-05-22 17:47:37.089097	2020-05-22 17:47:37.089097
1144	69	863	2020-05-22 17:47:38.079389	2020-05-22 17:47:38.079389
1145	69	883	2020-05-22 17:47:38.089963	2020-05-22 17:47:38.089963
1146	69	969	2020-05-22 17:47:38.099909	2020-05-22 17:47:38.099909
1147	71	863	2020-05-22 17:47:39.079038	2020-05-22 17:47:39.079038
1148	71	882	2020-05-22 17:47:39.088708	2020-05-22 17:47:39.088708
1149	71	883	2020-05-22 17:47:39.097036	2020-05-22 17:47:39.097036
1150	75	970	2020-05-22 17:47:39.974831	2020-05-22 17:47:39.974831
1151	75	971	2020-05-22 17:47:39.984213	2020-05-22 17:47:39.984213
1152	75	972	2020-05-22 17:47:39.994142	2020-05-22 17:47:39.994142
1153	97	805	2020-05-22 17:47:40.931731	2020-05-22 17:47:40.931731
1154	97	806	2020-05-22 17:47:40.940158	2020-05-22 17:47:40.940158
1155	97	807	2020-05-22 17:47:40.947871	2020-05-22 17:47:40.947871
1156	10	820	2020-05-22 17:47:41.844079	2020-05-22 17:47:41.844079
1157	10	902	2020-05-22 17:47:41.850888	2020-05-22 17:47:41.850888
1158	10	973	2020-05-22 17:47:41.862307	2020-05-22 17:47:41.862307
1159	82	974	2020-05-22 17:47:42.490899	2020-05-22 17:47:42.490899
1160	82	975	2020-05-22 17:47:42.502936	2020-05-22 17:47:42.502936
1161	82	976	2020-05-22 17:47:42.512232	2020-05-22 17:47:42.512232
1162	13	977	2020-05-22 17:58:02.796126	2020-05-22 17:58:02.796126
1163	13	978	2020-05-22 17:58:02.830811	2020-05-22 17:58:02.830811
1164	24	979	2020-05-22 17:58:05.790972	2020-05-22 17:58:05.790972
1165	24	980	2020-05-22 17:58:05.803598	2020-05-22 17:58:05.803598
1166	24	981	2020-05-22 17:58:05.813317	2020-05-22 17:58:05.813317
1167	33	844	2020-05-22 17:58:06.644219	2020-05-22 17:58:06.644219
1168	33	845	2020-05-22 17:58:06.655093	2020-05-22 17:58:06.655093
1169	33	846	2020-05-22 17:58:06.663851	2020-05-22 17:58:06.663851
1170	45	820	2020-05-22 17:58:07.577021	2020-05-22 17:58:07.577021
1171	45	982	2020-05-22 17:58:07.587266	2020-05-22 17:58:07.587266
1172	45	983	2020-05-22 17:58:07.597115	2020-05-22 17:58:07.597115
1173	51	830	2020-05-22 17:58:08.457218	2020-05-22 17:58:08.457218
1174	51	829	2020-05-22 17:58:08.467672	2020-05-22 17:58:08.467672
1175	51	831	2020-05-22 17:58:08.476033	2020-05-22 17:58:08.476033
1176	70	984	2020-05-22 17:58:09.41771	2020-05-22 17:58:09.41771
1177	70	985	2020-05-22 17:58:09.430812	2020-05-22 17:58:09.430812
1178	70	986	2020-05-22 17:58:09.444911	2020-05-22 17:58:09.444911
1179	80	820	2020-05-22 17:58:10.414919	2020-05-22 17:58:10.414919
1180	80	827	2020-05-22 17:58:10.422775	2020-05-22 17:58:10.422775
1181	80	987	2020-05-22 17:58:10.433105	2020-05-22 17:58:10.433105
1182	81	988	2020-05-22 17:58:11.271018	2020-05-22 17:58:11.271018
1183	81	989	2020-05-22 17:58:11.313295	2020-05-22 17:58:11.313295
1184	81	990	2020-05-22 17:58:11.322962	2020-05-22 17:58:11.322962
1185	94	824	2020-05-22 17:58:12.172762	2020-05-22 17:58:12.172762
1186	94	825	2020-05-22 17:58:12.18314	2020-05-22 17:58:12.18314
1187	94	826	2020-05-22 17:58:12.190946	2020-05-22 17:58:12.190946
1188	1	991	2020-05-22 17:58:40.006091	2020-05-22 17:58:40.006091
1189	1	992	2020-05-22 17:58:40.033894	2020-05-22 17:58:40.033894
1190	1	993	2020-05-22 17:58:40.083461	2020-05-22 17:58:40.083461
1191	1	994	2020-05-22 17:58:40.132414	2020-05-22 17:58:40.132414
1192	1	995	2020-05-22 17:58:40.14259	2020-05-22 17:58:40.14259
1193	2	996	2020-05-22 17:58:40.621712	2020-05-22 17:58:40.621712
1194	2	997	2020-05-22 17:58:40.632414	2020-05-22 17:58:40.632414
1195	2	998	2020-05-22 17:58:40.644958	2020-05-22 17:58:40.644958
1196	2	999	2020-05-22 17:58:40.657084	2020-05-22 17:58:40.657084
1197	2	1000	2020-05-22 17:58:40.665943	2020-05-22 17:58:40.665943
1198	3	1001	2020-05-22 17:58:41.08161	2020-05-22 17:58:41.08161
1199	3	1002	2020-05-22 17:58:41.091037	2020-05-22 17:58:41.091037
1200	3	1003	2020-05-22 17:58:41.101566	2020-05-22 17:58:41.101566
1201	3	1004	2020-05-22 17:58:41.118599	2020-05-22 17:58:41.118599
1202	3	1005	2020-05-22 17:58:41.132787	2020-05-22 17:58:41.132787
1203	4	1006	2020-05-22 17:59:11.919304	2020-05-22 17:59:11.919304
1204	5	1007	2020-05-22 17:59:12.580565	2020-05-22 17:59:12.580565
1205	5	1008	2020-05-22 17:59:12.621448	2020-05-22 17:59:12.621448
1206	5	1009	2020-05-22 17:59:12.674959	2020-05-22 17:59:12.674959
1207	5	1010	2020-05-22 17:59:12.684966	2020-05-22 17:59:12.684966
1208	6	1011	2020-05-22 17:59:13.0922	2020-05-22 17:59:13.0922
1209	6	1012	2020-05-22 17:59:13.107361	2020-05-22 17:59:13.107361
1210	6	1013	2020-05-22 17:59:13.116611	2020-05-22 17:59:13.116611
1211	6	1014	2020-05-22 17:59:13.130658	2020-05-22 17:59:13.130658
1212	6	1015	2020-05-22 17:59:13.143867	2020-05-22 17:59:13.143867
1213	7	1016	2020-05-22 17:59:13.560555	2020-05-22 17:59:13.560555
1214	7	1017	2020-05-22 17:59:13.57088	2020-05-22 17:59:13.57088
1215	7	1018	2020-05-22 17:59:13.58598	2020-05-22 17:59:13.58598
1216	7	1019	2020-05-22 17:59:13.6028	2020-05-22 17:59:13.6028
1217	7	1020	2020-05-22 17:59:13.62205	2020-05-22 17:59:13.62205
1218	8	1021	2020-05-22 17:59:14.025011	2020-05-22 17:59:14.025011
1219	8	1022	2020-05-22 17:59:14.036994	2020-05-22 17:59:14.036994
1220	8	1023	2020-05-22 17:59:14.046578	2020-05-22 17:59:14.046578
1221	8	1024	2020-05-22 17:59:14.057554	2020-05-22 17:59:14.057554
1222	8	1025	2020-05-22 17:59:14.068033	2020-05-22 17:59:14.068033
1223	9	1026	2020-05-22 17:59:14.518464	2020-05-22 17:59:14.518464
1224	9	1027	2020-05-22 17:59:14.554758	2020-05-22 17:59:14.554758
1225	9	1028	2020-05-22 17:59:14.565857	2020-05-22 17:59:14.565857
1226	9	1029	2020-05-22 17:59:14.575752	2020-05-22 17:59:14.575752
1227	9	1030	2020-05-22 17:59:14.585168	2020-05-22 17:59:14.585168
1228	11	1031	2020-05-22 17:59:14.945514	2020-05-22 17:59:14.945514
1229	11	1032	2020-05-22 17:59:14.956595	2020-05-22 17:59:14.956595
1230	11	1033	2020-05-22 17:59:14.968418	2020-05-22 17:59:14.968418
1231	11	1034	2020-05-22 17:59:14.978513	2020-05-22 17:59:14.978513
1232	12	1035	2020-05-22 17:59:15.468886	2020-05-22 17:59:15.468886
1233	12	1036	2020-05-22 17:59:15.483119	2020-05-22 17:59:15.483119
1234	12	1037	2020-05-22 17:59:15.492094	2020-05-22 17:59:15.492094
1235	12	1038	2020-05-22 17:59:15.500888	2020-05-22 17:59:15.500888
1236	12	1039	2020-05-22 17:59:15.510939	2020-05-22 17:59:15.510939
1237	14	1040	2020-05-22 17:59:15.983831	2020-05-22 17:59:15.983831
1238	14	1041	2020-05-22 17:59:15.994311	2020-05-22 17:59:15.994311
1239	14	1042	2020-05-22 17:59:16.003977	2020-05-22 17:59:16.003977
1240	14	1043	2020-05-22 17:59:16.013513	2020-05-22 17:59:16.013513
1241	14	1044	2020-05-22 17:59:16.022359	2020-05-22 17:59:16.022359
1242	16	1045	2020-05-22 17:59:16.602743	2020-05-22 17:59:16.602743
1243	16	1046	2020-05-22 17:59:16.615447	2020-05-22 17:59:16.615447
1244	16	1047	2020-05-22 17:59:16.62584	2020-05-22 17:59:16.62584
1245	16	1048	2020-05-22 17:59:16.635706	2020-05-22 17:59:16.635706
1246	16	1049	2020-05-22 17:59:16.646455	2020-05-22 17:59:16.646455
1247	17	1050	2020-05-22 17:59:17.157005	2020-05-22 17:59:17.157005
1248	17	1051	2020-05-22 17:59:17.174264	2020-05-22 17:59:17.174264
1249	17	1052	2020-05-22 17:59:17.186722	2020-05-22 17:59:17.186722
1250	17	1053	2020-05-22 17:59:17.199197	2020-05-22 17:59:17.199197
1251	17	1054	2020-05-22 17:59:17.210019	2020-05-22 17:59:17.210019
1252	18	1055	2020-05-22 17:59:17.652206	2020-05-22 17:59:17.652206
1253	18	1056	2020-05-22 17:59:17.69367	2020-05-22 17:59:17.69367
1254	18	1057	2020-05-22 17:59:17.787139	2020-05-22 17:59:17.787139
1255	18	1058	2020-05-22 17:59:17.874239	2020-05-22 17:59:17.874239
1256	18	1059	2020-05-22 17:59:17.886156	2020-05-22 17:59:17.886156
1257	19	1060	2020-05-22 17:59:18.487571	2020-05-22 17:59:18.487571
1258	19	1061	2020-05-22 17:59:18.499142	2020-05-22 17:59:18.499142
1259	19	1062	2020-05-22 17:59:18.512117	2020-05-22 17:59:18.512117
1260	19	1063	2020-05-22 17:59:18.544461	2020-05-22 17:59:18.544461
1261	19	1064	2020-05-22 17:59:18.553917	2020-05-22 17:59:18.553917
1262	20	1065	2020-05-22 17:59:19.017053	2020-05-22 17:59:19.017053
1263	20	1066	2020-05-22 17:59:19.049456	2020-05-22 17:59:19.049456
1264	20	1067	2020-05-22 17:59:19.059686	2020-05-22 17:59:19.059686
1265	20	1068	2020-05-22 17:59:19.070587	2020-05-22 17:59:19.070587
1266	20	1069	2020-05-22 17:59:19.079729	2020-05-22 17:59:19.079729
1267	21	1070	2020-05-22 17:59:19.53725	2020-05-22 17:59:19.53725
1268	21	1071	2020-05-22 17:59:19.547612	2020-05-22 17:59:19.547612
1269	21	1072	2020-05-22 17:59:19.557798	2020-05-22 17:59:19.557798
1270	21	1073	2020-05-22 17:59:19.567816	2020-05-22 17:59:19.567816
1271	21	1074	2020-05-22 17:59:19.579062	2020-05-22 17:59:19.579062
1272	22	1075	2020-05-22 17:59:19.978449	2020-05-22 17:59:19.978449
1273	22	1076	2020-05-22 17:59:20.031076	2020-05-22 17:59:20.031076
1274	22	1077	2020-05-22 17:59:20.042734	2020-05-22 17:59:20.042734
1275	22	1078	2020-05-22 17:59:20.099063	2020-05-22 17:59:20.099063
1276	22	1079	2020-05-22 17:59:20.108117	2020-05-22 17:59:20.108117
1277	23	1016	2020-05-22 17:59:20.524763	2020-05-22 17:59:20.524763
1278	23	1017	2020-05-22 17:59:20.53562	2020-05-22 17:59:20.53562
1279	23	1018	2020-05-22 17:59:20.56752	2020-05-22 17:59:20.56752
1280	23	1019	2020-05-22 17:59:20.576357	2020-05-22 17:59:20.576357
1281	23	1020	2020-05-22 17:59:20.583402	2020-05-22 17:59:20.583402
1282	25	1080	2020-05-22 17:59:21.337673	2020-05-22 17:59:21.337673
1283	25	1081	2020-05-22 17:59:21.347766	2020-05-22 17:59:21.347766
1284	25	1082	2020-05-22 17:59:21.356957	2020-05-22 17:59:21.356957
1285	25	1083	2020-05-22 17:59:21.36674	2020-05-22 17:59:21.36674
1286	25	1084	2020-05-22 17:59:21.375812	2020-05-22 17:59:21.375812
1287	27	1085	2020-05-22 17:59:21.767336	2020-05-22 17:59:21.767336
1288	27	1086	2020-05-22 17:59:21.778047	2020-05-22 17:59:21.778047
1289	27	1087	2020-05-22 17:59:21.787329	2020-05-22 17:59:21.787329
1290	27	1088	2020-05-22 17:59:21.797015	2020-05-22 17:59:21.797015
1291	28	1089	2020-05-22 17:59:22.156113	2020-05-22 17:59:22.156113
1292	29	1090	2020-05-22 17:59:22.604271	2020-05-22 17:59:22.604271
1293	29	1091	2020-05-22 17:59:22.617012	2020-05-22 17:59:22.617012
1294	29	1092	2020-05-22 17:59:22.626077	2020-05-22 17:59:22.626077
1295	29	1093	2020-05-22 17:59:22.636187	2020-05-22 17:59:22.636187
1296	29	1094	2020-05-22 17:59:22.64766	2020-05-22 17:59:22.64766
1297	30	1072	2020-05-22 17:59:23.070476	2020-05-22 17:59:23.070476
1298	30	1095	2020-05-22 17:59:23.080607	2020-05-22 17:59:23.080607
1299	30	1096	2020-05-22 17:59:23.091778	2020-05-22 17:59:23.091778
1300	30	1097	2020-05-22 17:59:23.10085	2020-05-22 17:59:23.10085
1301	30	1098	2020-05-22 17:59:23.113034	2020-05-22 17:59:23.113034
1302	31	1099	2020-05-22 17:59:23.506232	2020-05-22 17:59:23.506232
1303	31	1100	2020-05-22 17:59:23.518229	2020-05-22 17:59:23.518229
1304	31	1101	2020-05-22 17:59:23.527658	2020-05-22 17:59:23.527658
1305	31	1102	2020-05-22 17:59:23.536419	2020-05-22 17:59:23.536419
1306	31	1103	2020-05-22 17:59:23.547431	2020-05-22 17:59:23.547431
1307	34	1007	2020-05-22 17:59:23.949768	2020-05-22 17:59:23.949768
1308	34	1008	2020-05-22 17:59:23.958442	2020-05-22 17:59:23.958442
1309	34	1009	2020-05-22 17:59:23.967732	2020-05-22 17:59:23.967732
1310	34	1010	2020-05-22 17:59:23.974793	2020-05-22 17:59:23.974793
1311	35	1104	2020-05-22 17:59:24.455588	2020-05-22 17:59:24.455588
1312	35	1105	2020-05-22 17:59:24.498118	2020-05-22 17:59:24.498118
1313	35	1106	2020-05-22 17:59:24.511119	2020-05-22 17:59:24.511119
1314	35	1107	2020-05-22 17:59:24.522154	2020-05-22 17:59:24.522154
1315	35	1108	2020-05-22 17:59:24.531705	2020-05-22 17:59:24.531705
1316	36	1109	2020-05-22 17:59:24.992044	2020-05-22 17:59:24.992044
1317	36	1110	2020-05-22 17:59:25.001657	2020-05-22 17:59:25.001657
1318	36	1111	2020-05-22 17:59:25.012647	2020-05-22 17:59:25.012647
1319	36	1112	2020-05-22 17:59:25.022036	2020-05-22 17:59:25.022036
1320	36	1113	2020-05-22 17:59:25.032327	2020-05-22 17:59:25.032327
1321	37	1114	2020-05-22 17:59:25.426069	2020-05-22 17:59:25.426069
1322	37	1115	2020-05-22 17:59:25.437331	2020-05-22 17:59:25.437331
1323	37	1116	2020-05-22 17:59:25.446924	2020-05-22 17:59:25.446924
1324	37	1117	2020-05-22 17:59:25.456662	2020-05-22 17:59:25.456662
1325	38	1118	2020-05-22 17:59:25.872098	2020-05-22 17:59:25.872098
1326	38	1119	2020-05-22 17:59:25.881889	2020-05-22 17:59:25.881889
1327	40	1120	2020-05-22 17:59:26.566311	2020-05-22 17:59:26.566311
1328	40	1121	2020-05-22 17:59:26.580257	2020-05-22 17:59:26.580257
1329	40	1122	2020-05-22 17:59:26.5897	2020-05-22 17:59:26.5897
1330	40	1123	2020-05-22 17:59:26.599716	2020-05-22 17:59:26.599716
1331	40	1124	2020-05-22 17:59:26.609742	2020-05-22 17:59:26.609742
1332	41	1125	2020-05-22 17:59:27.036965	2020-05-22 17:59:27.036965
1333	41	1126	2020-05-22 17:59:27.047433	2020-05-22 17:59:27.047433
1334	41	1127	2020-05-22 17:59:27.084031	2020-05-22 17:59:27.084031
1335	41	1128	2020-05-22 17:59:27.093738	2020-05-22 17:59:27.093738
1336	41	1129	2020-05-22 17:59:27.103436	2020-05-22 17:59:27.103436
1337	43	1130	2020-05-22 17:59:27.513402	2020-05-22 17:59:27.513402
1338	43	1131	2020-05-22 17:59:27.525192	2020-05-22 17:59:27.525192
1339	43	1132	2020-05-22 17:59:27.535647	2020-05-22 17:59:27.535647
1340	43	1133	2020-05-22 17:59:27.547504	2020-05-22 17:59:27.547504
1341	44	1134	2020-05-22 17:59:27.966874	2020-05-22 17:59:27.966874
1342	44	1000	2020-05-22 17:59:27.974991	2020-05-22 17:59:27.974991
1343	44	1135	2020-05-22 17:59:27.98491	2020-05-22 17:59:27.98491
1344	44	1136	2020-05-22 17:59:27.99373	2020-05-22 17:59:27.99373
1345	44	1137	2020-05-22 17:59:28.003025	2020-05-22 17:59:28.003025
1346	46	1115	2020-05-22 17:59:28.466046	2020-05-22 17:59:28.466046
1347	46	1116	2020-05-22 17:59:28.478185	2020-05-22 17:59:28.478185
1348	46	1114	2020-05-22 17:59:28.485767	2020-05-22 17:59:28.485767
1349	46	1138	2020-05-22 17:59:28.494755	2020-05-22 17:59:28.494755
1350	47	1139	2020-05-22 17:59:28.928091	2020-05-22 17:59:28.928091
1351	47	1140	2020-05-22 17:59:28.938311	2020-05-22 17:59:28.938311
1352	48	1141	2020-05-22 17:59:29.509838	2020-05-22 17:59:29.509838
1353	48	1142	2020-05-22 17:59:29.548553	2020-05-22 17:59:29.548553
1354	48	1143	2020-05-22 17:59:29.559313	2020-05-22 17:59:29.559313
1355	48	1144	2020-05-22 17:59:29.568241	2020-05-22 17:59:29.568241
1356	48	1145	2020-05-22 17:59:29.578349	2020-05-22 17:59:29.578349
1357	50	1146	2020-05-22 17:59:29.921245	2020-05-22 17:59:29.921245
1358	52	1147	2020-05-22 17:59:30.33441	2020-05-22 17:59:30.33441
1359	52	1148	2020-05-22 17:59:30.348418	2020-05-22 17:59:30.348418
1360	52	1149	2020-05-22 17:59:30.358906	2020-05-22 17:59:30.358906
1361	55	1150	2020-05-22 17:59:30.936857	2020-05-22 17:59:30.936857
1362	55	1151	2020-05-22 17:59:30.947457	2020-05-22 17:59:30.947457
1363	55	1152	2020-05-22 17:59:30.956838	2020-05-22 17:59:30.956838
1364	55	1153	2020-05-22 17:59:30.966962	2020-05-22 17:59:30.966962
1365	55	1154	2020-05-22 17:59:30.97649	2020-05-22 17:59:30.97649
1366	56	1155	2020-05-22 17:59:31.672654	2020-05-22 17:59:31.672654
1367	56	1156	2020-05-22 17:59:31.682208	2020-05-22 17:59:31.682208
1368	56	1157	2020-05-22 17:59:31.692104	2020-05-22 17:59:31.692104
1369	56	1158	2020-05-22 17:59:31.701334	2020-05-22 17:59:31.701334
1370	56	1159	2020-05-22 17:59:31.711158	2020-05-22 17:59:31.711158
1371	57	1160	2020-05-22 17:59:32.109099	2020-05-22 17:59:32.109099
1372	57	1161	2020-05-22 17:59:32.120892	2020-05-22 17:59:32.120892
1373	57	1162	2020-05-22 17:59:32.1303	2020-05-22 17:59:32.1303
1374	58	1163	2020-05-22 17:59:32.493971	2020-05-22 17:59:32.493971
1375	58	1164	2020-05-22 17:59:32.507395	2020-05-22 17:59:32.507395
1376	59	1165	2020-05-22 17:59:32.966472	2020-05-22 17:59:32.966472
1377	59	1166	2020-05-22 17:59:32.977179	2020-05-22 17:59:32.977179
1378	59	1167	2020-05-22 17:59:32.987374	2020-05-22 17:59:32.987374
1379	59	1168	2020-05-22 17:59:32.996397	2020-05-22 17:59:32.996397
1380	59	1169	2020-05-22 17:59:33.009335	2020-05-22 17:59:33.009335
1381	61	1147	2020-05-22 17:59:33.40985	2020-05-22 17:59:33.40985
1382	61	1148	2020-05-22 17:59:33.421084	2020-05-22 17:59:33.421084
1383	61	1170	2020-05-22 17:59:33.431383	2020-05-22 17:59:33.431383
1384	61	1171	2020-05-22 17:59:33.440427	2020-05-22 17:59:33.440427
1385	61	1172	2020-05-22 17:59:33.451078	2020-05-22 17:59:33.451078
1386	63	1173	2020-05-22 17:59:33.870752	2020-05-22 17:59:33.870752
1387	63	1174	2020-05-22 17:59:33.881527	2020-05-22 17:59:33.881527
1388	63	1175	2020-05-22 17:59:33.890996	2020-05-22 17:59:33.890996
1389	63	1176	2020-05-22 17:59:33.927422	2020-05-22 17:59:33.927422
1390	63	1177	2020-05-22 17:59:33.937769	2020-05-22 17:59:33.937769
1391	65	1067	2020-05-22 17:59:34.418781	2020-05-22 17:59:34.418781
1392	65	1068	2020-05-22 17:59:34.430742	2020-05-22 17:59:34.430742
1393	65	1065	2020-05-22 17:59:34.438874	2020-05-22 17:59:34.438874
1394	65	1066	2020-05-22 17:59:34.445833	2020-05-22 17:59:34.445833
1395	65	1069	2020-05-22 17:59:34.452231	2020-05-22 17:59:34.452231
1396	66	1178	2020-05-22 17:59:34.83664	2020-05-22 17:59:34.83664
1397	66	1179	2020-05-22 17:59:34.84664	2020-05-22 17:59:34.84664
1398	66	1180	2020-05-22 17:59:34.856154	2020-05-22 17:59:34.856154
1399	68	1181	2020-05-22 17:59:35.222515	2020-05-22 17:59:35.222515
1400	68	1182	2020-05-22 17:59:35.233921	2020-05-22 17:59:35.233921
1401	72	1183	2020-05-22 17:59:35.616231	2020-05-22 17:59:35.616231
1402	72	1072	2020-05-22 17:59:35.629409	2020-05-22 17:59:35.629409
1403	72	1184	2020-05-22 17:59:35.638841	2020-05-22 17:59:35.638841
1404	72	1185	2020-05-22 17:59:35.650438	2020-05-22 17:59:35.650438
1405	74	1186	2020-05-22 17:59:36.383282	2020-05-22 17:59:36.383282
1406	74	1187	2020-05-22 17:59:36.396326	2020-05-22 17:59:36.396326
1407	74	1188	2020-05-22 17:59:36.405655	2020-05-22 17:59:36.405655
1408	74	1189	2020-05-22 17:59:36.444607	2020-05-22 17:59:36.444607
1409	76	1190	2020-05-22 17:59:36.915738	2020-05-22 17:59:36.915738
1410	76	1191	2020-05-22 17:59:36.929124	2020-05-22 17:59:36.929124
1411	76	1192	2020-05-22 17:59:36.938406	2020-05-22 17:59:36.938406
1412	76	1193	2020-05-22 17:59:36.947976	2020-05-22 17:59:36.947976
1413	76	1194	2020-05-22 17:59:36.957096	2020-05-22 17:59:36.957096
1414	77	1195	2020-05-22 17:59:37.34867	2020-05-22 17:59:37.34867
1415	77	1072	2020-05-22 17:59:37.361915	2020-05-22 17:59:37.361915
1416	77	1196	2020-05-22 17:59:37.370936	2020-05-22 17:59:37.370936
1417	77	1197	2020-05-22 17:59:37.381032	2020-05-22 17:59:37.381032
1418	77	1198	2020-05-22 17:59:37.390385	2020-05-22 17:59:37.390385
1419	78	1199	2020-05-22 17:59:37.794241	2020-05-22 17:59:37.794241
1420	78	1200	2020-05-22 17:59:37.804288	2020-05-22 17:59:37.804288
1421	78	1201	2020-05-22 17:59:37.813851	2020-05-22 17:59:37.813851
1422	78	1202	2020-05-22 17:59:37.82307	2020-05-22 17:59:37.82307
1423	78	1203	2020-05-22 17:59:37.834226	2020-05-22 17:59:37.834226
1424	79	1204	2020-05-22 17:59:38.210457	2020-05-22 17:59:38.210457
1425	79	1205	2020-05-22 17:59:38.223617	2020-05-22 17:59:38.223617
1426	79	1206	2020-05-22 17:59:38.256852	2020-05-22 17:59:38.256852
1427	79	1207	2020-05-22 17:59:38.265826	2020-05-22 17:59:38.265826
1428	83	1208	2020-05-22 17:59:38.687916	2020-05-22 17:59:38.687916
1429	83	1098	2020-05-22 17:59:38.698633	2020-05-22 17:59:38.698633
1430	83	1209	2020-05-22 17:59:38.708709	2020-05-22 17:59:38.708709
1431	83	1210	2020-05-22 17:59:38.718608	2020-05-22 17:59:38.718608
1432	83	1211	2020-05-22 17:59:38.729055	2020-05-22 17:59:38.729055
1433	84	1212	2020-05-22 17:59:39.248605	2020-05-22 17:59:39.248605
1434	84	1213	2020-05-22 17:59:39.261453	2020-05-22 17:59:39.261453
1435	84	1214	2020-05-22 17:59:39.270304	2020-05-22 17:59:39.270304
1436	84	1215	2020-05-22 17:59:39.282511	2020-05-22 17:59:39.282511
1437	84	1216	2020-05-22 17:59:39.291456	2020-05-22 17:59:39.291456
1438	85	1051	2020-05-22 17:59:39.719397	2020-05-22 17:59:39.719397
1439	85	1050	2020-05-22 17:59:39.728445	2020-05-22 17:59:39.728445
1440	85	1217	2020-05-22 17:59:39.738402	2020-05-22 17:59:39.738402
1441	85	1054	2020-05-22 17:59:39.745145	2020-05-22 17:59:39.745145
1442	85	1052	2020-05-22 17:59:39.75198	2020-05-22 17:59:39.75198
1443	86	1218	2020-05-22 17:59:40.141153	2020-05-22 17:59:40.141153
1444	86	1219	2020-05-22 17:59:40.153653	2020-05-22 17:59:40.153653
1445	86	1220	2020-05-22 17:59:40.187136	2020-05-22 17:59:40.187136
1446	86	1221	2020-05-22 17:59:40.196564	2020-05-22 17:59:40.196564
1447	87	1186	2020-05-22 17:59:40.640729	2020-05-22 17:59:40.640729
1448	87	1187	2020-05-22 17:59:40.660107	2020-05-22 17:59:40.660107
1449	87	1188	2020-05-22 17:59:40.709336	2020-05-22 17:59:40.709336
1450	87	1189	2020-05-22 17:59:40.72146	2020-05-22 17:59:40.72146
1451	88	1222	2020-05-22 17:59:41.150545	2020-05-22 17:59:41.150545
1452	88	1223	2020-05-22 17:59:41.161367	2020-05-22 17:59:41.161367
1453	88	1224	2020-05-22 17:59:41.170934	2020-05-22 17:59:41.170934
1454	88	1225	2020-05-22 17:59:41.181591	2020-05-22 17:59:41.181591
1455	88	1226	2020-05-22 17:59:41.191189	2020-05-22 17:59:41.191189
1456	89	1227	2020-05-22 17:59:41.519286	2020-05-22 17:59:41.519286
1457	90	1228	2020-05-22 17:59:42.013799	2020-05-22 17:59:42.013799
1458	90	1229	2020-05-22 17:59:42.022667	2020-05-22 17:59:42.022667
1459	90	1230	2020-05-22 17:59:42.03204	2020-05-22 17:59:42.03204
1460	90	1231	2020-05-22 17:59:42.04062	2020-05-22 17:59:42.04062
1461	90	1232	2020-05-22 17:59:42.052608	2020-05-22 17:59:42.052608
1462	91	1233	2020-05-22 17:59:42.489225	2020-05-22 17:59:42.489225
1463	91	1234	2020-05-22 17:59:42.502425	2020-05-22 17:59:42.502425
1464	91	1235	2020-05-22 17:59:42.541583	2020-05-22 17:59:42.541583
1465	91	1236	2020-05-22 17:59:42.551579	2020-05-22 17:59:42.551579
1466	91	1237	2020-05-22 17:59:42.563728	2020-05-22 17:59:42.563728
1467	92	1238	2020-05-22 17:59:42.957117	2020-05-22 17:59:42.957117
1468	92	1239	2020-05-22 17:59:42.967904	2020-05-22 17:59:42.967904
1469	92	1240	2020-05-22 17:59:42.977587	2020-05-22 17:59:42.977587
1470	92	1241	2020-05-22 17:59:42.98654	2020-05-22 17:59:42.98654
1471	93	1072	2020-05-22 17:59:43.398167	2020-05-22 17:59:43.398167
1472	93	1242	2020-05-22 17:59:43.41193	2020-05-22 17:59:43.41193
1473	93	1243	2020-05-22 17:59:43.421481	2020-05-22 17:59:43.421481
1474	93	1244	2020-05-22 17:59:43.431448	2020-05-22 17:59:43.431448
1475	93	1245	2020-05-22 17:59:43.44257	2020-05-22 17:59:43.44257
1476	95	1246	2020-05-22 17:59:43.879901	2020-05-22 17:59:43.879901
1477	95	1247	2020-05-22 17:59:43.889311	2020-05-22 17:59:43.889311
1478	95	1248	2020-05-22 17:59:43.898654	2020-05-22 17:59:43.898654
1479	95	1249	2020-05-22 17:59:43.907788	2020-05-22 17:59:43.907788
1480	95	1250	2020-05-22 17:59:43.919756	2020-05-22 17:59:43.919756
1481	96	1251	2020-05-22 17:59:44.498384	2020-05-22 17:59:44.498384
1482	96	1252	2020-05-22 17:59:44.535139	2020-05-22 17:59:44.535139
1483	96	1253	2020-05-22 17:59:44.54483	2020-05-22 17:59:44.54483
1484	96	1254	2020-05-22 17:59:44.553723	2020-05-22 17:59:44.553723
1485	96	1255	2020-05-22 17:59:44.565142	2020-05-22 17:59:44.565142
1486	98	1256	2020-05-22 17:59:45.097567	2020-05-22 17:59:45.097567
1487	98	1257	2020-05-22 17:59:45.108336	2020-05-22 17:59:45.108336
1488	98	1258	2020-05-22 17:59:45.117374	2020-05-22 17:59:45.117374
1489	98	1259	2020-05-22 17:59:45.127547	2020-05-22 17:59:45.127547
1490	98	1260	2020-05-22 17:59:45.137607	2020-05-22 17:59:45.137607
1491	99	1196	2020-05-22 17:59:45.585438	2020-05-22 17:59:45.585438
1492	99	1261	2020-05-22 17:59:45.599772	2020-05-22 17:59:45.599772
1493	99	1262	2020-05-22 17:59:45.652006	2020-05-22 17:59:45.652006
1494	99	1263	2020-05-22 17:59:45.663149	2020-05-22 17:59:45.663149
1495	99	1264	2020-05-22 17:59:45.673845	2020-05-22 17:59:45.673845
1496	100	1265	2020-05-22 17:59:46.091319	2020-05-22 17:59:46.091319
1497	100	1266	2020-05-22 17:59:46.102795	2020-05-22 17:59:46.102795
1498	100	1267	2020-05-22 17:59:46.112131	2020-05-22 17:59:46.112131
1499	100	1268	2020-05-22 17:59:46.121165	2020-05-22 17:59:46.121165
1500	100	1269	2020-05-22 17:59:46.15401	2020-05-22 17:59:46.15401
1501	26	1270	2020-05-22 17:59:46.553673	2020-05-22 17:59:46.553673
1502	26	1271	2020-05-22 17:59:46.564283	2020-05-22 17:59:46.564283
1503	26	1272	2020-05-22 17:59:46.574089	2020-05-22 17:59:46.574089
1504	26	1273	2020-05-22 17:59:46.584284	2020-05-22 17:59:46.584284
1505	15	1274	2020-05-22 17:59:46.942892	2020-05-22 17:59:46.942892
1506	15	1275	2020-05-22 17:59:46.956597	2020-05-22 17:59:46.956597
1507	32	1075	2020-05-22 17:59:47.367681	2020-05-22 17:59:47.367681
1508	32	1076	2020-05-22 17:59:47.378314	2020-05-22 17:59:47.378314
1509	32	1077	2020-05-22 17:59:47.386794	2020-05-22 17:59:47.386794
1510	32	1078	2020-05-22 17:59:47.393461	2020-05-22 17:59:47.393461
1511	32	1079	2020-05-22 17:59:47.400117	2020-05-22 17:59:47.400117
1512	42	1276	2020-05-22 17:59:47.810338	2020-05-22 17:59:47.810338
1513	42	1277	2020-05-22 17:59:47.820903	2020-05-22 17:59:47.820903
1514	42	1278	2020-05-22 17:59:47.830449	2020-05-22 17:59:47.830449
1515	42	1279	2020-05-22 17:59:47.839879	2020-05-22 17:59:47.839879
1516	49	1280	2020-05-22 17:59:48.590513	2020-05-22 17:59:48.590513
1517	53	1246	2020-05-22 17:59:49.01417	2020-05-22 17:59:49.01417
1518	53	1247	2020-05-22 17:59:49.024132	2020-05-22 17:59:49.024132
1519	53	1248	2020-05-22 17:59:49.030422	2020-05-22 17:59:49.030422
1520	53	1249	2020-05-22 17:59:49.064987	2020-05-22 17:59:49.064987
1521	53	1250	2020-05-22 17:59:49.074613	2020-05-22 17:59:49.074613
1522	54	1281	2020-05-22 17:59:49.477121	2020-05-22 17:59:49.477121
1523	54	1282	2020-05-22 17:59:49.486678	2020-05-22 17:59:49.486678
1524	54	1283	2020-05-22 17:59:49.495401	2020-05-22 17:59:49.495401
1525	54	1284	2020-05-22 17:59:49.503805	2020-05-22 17:59:49.503805
1526	54	1285	2020-05-22 17:59:49.514254	2020-05-22 17:59:49.514254
1527	60	1286	2020-05-22 17:59:49.839056	2020-05-22 17:59:49.839056
1528	62	1287	2020-05-22 17:59:50.275066	2020-05-22 17:59:50.275066
1529	62	1288	2020-05-22 17:59:50.287298	2020-05-22 17:59:50.287298
1530	62	1289	2020-05-22 17:59:50.299405	2020-05-22 17:59:50.299405
1531	62	1290	2020-05-22 17:59:50.31154	2020-05-22 17:59:50.31154
1532	62	1072	2020-05-22 17:59:50.323575	2020-05-22 17:59:50.323575
1533	64	1256	2020-05-22 17:59:50.721014	2020-05-22 17:59:50.721014
1534	64	1257	2020-05-22 17:59:50.732453	2020-05-22 17:59:50.732453
1535	64	1258	2020-05-22 17:59:50.739506	2020-05-22 17:59:50.739506
1536	64	1259	2020-05-22 17:59:50.746115	2020-05-22 17:59:50.746115
1537	64	1260	2020-05-22 17:59:50.752424	2020-05-22 17:59:50.752424
1538	67	1291	2020-05-22 17:59:51.143743	2020-05-22 17:59:51.143743
1539	67	1292	2020-05-22 17:59:51.177388	2020-05-22 17:59:51.177388
1540	67	1293	2020-05-22 17:59:51.186876	2020-05-22 17:59:51.186876
1541	67	1294	2020-05-22 17:59:51.19552	2020-05-22 17:59:51.19552
1542	67	1295	2020-05-22 17:59:51.204519	2020-05-22 17:59:51.204519
1543	69	1296	2020-05-22 17:59:51.654849	2020-05-22 17:59:51.654849
1544	69	1297	2020-05-22 17:59:51.667196	2020-05-22 17:59:51.667196
1545	69	1298	2020-05-22 17:59:51.679617	2020-05-22 17:59:51.679617
1546	69	1299	2020-05-22 17:59:51.6889	2020-05-22 17:59:51.6889
1547	69	1300	2020-05-22 17:59:51.699023	2020-05-22 17:59:51.699023
1548	71	1301	2020-05-22 17:59:52.12469	2020-05-22 17:59:52.12469
1549	71	1302	2020-05-22 17:59:52.134253	2020-05-22 17:59:52.134253
1550	71	1303	2020-05-22 17:59:52.142652	2020-05-22 17:59:52.142652
1551	71	1304	2020-05-22 17:59:52.151012	2020-05-22 17:59:52.151012
1552	71	1305	2020-05-22 17:59:52.162892	2020-05-22 17:59:52.162892
1553	75	1306	2020-05-22 17:59:52.629082	2020-05-22 17:59:52.629082
1554	75	1307	2020-05-22 17:59:52.641332	2020-05-22 17:59:52.641332
1555	75	1308	2020-05-22 17:59:52.652492	2020-05-22 17:59:52.652492
1556	75	1309	2020-05-22 17:59:52.66268	2020-05-22 17:59:52.66268
1557	75	1310	2020-05-22 17:59:52.692956	2020-05-22 17:59:52.692956
1558	13	1311	2020-05-22 17:59:53.019546	2020-05-22 17:59:53.019546
1559	97	1001	2020-05-22 17:59:53.490847	2020-05-22 17:59:53.490847
1560	97	1002	2020-05-22 17:59:53.502651	2020-05-22 17:59:53.502651
1561	97	1003	2020-05-22 17:59:53.50967	2020-05-22 17:59:53.50967
1562	97	1004	2020-05-22 17:59:53.51601	2020-05-22 17:59:53.51601
1563	97	1005	2020-05-22 17:59:53.522085	2020-05-22 17:59:53.522085
1564	10	1312	2020-05-22 17:59:53.933785	2020-05-22 17:59:53.933785
1565	10	1313	2020-05-22 17:59:53.944532	2020-05-22 17:59:53.944532
1566	10	1314	2020-05-22 17:59:53.953353	2020-05-22 17:59:53.953353
1567	10	1315	2020-05-22 17:59:53.966973	2020-05-22 17:59:53.966973
1568	10	1316	2020-05-22 17:59:53.978396	2020-05-22 17:59:53.978396
1569	82	1317	2020-05-22 17:59:54.429475	2020-05-22 17:59:54.429475
1570	82	1072	2020-05-22 17:59:54.43833	2020-05-22 17:59:54.43833
1571	82	1318	2020-05-22 17:59:54.446723	2020-05-22 17:59:54.446723
1572	82	1319	2020-05-22 17:59:54.458673	2020-05-22 17:59:54.458673
1573	82	1320	2020-05-22 17:59:54.494258	2020-05-22 17:59:54.494258
1574	24	1001	2020-05-22 17:59:54.927763	2020-05-22 17:59:54.927763
1575	24	1002	2020-05-22 17:59:54.938372	2020-05-22 17:59:54.938372
1576	24	1003	2020-05-22 17:59:54.94576	2020-05-22 17:59:54.94576
1577	24	1005	2020-05-22 17:59:54.952449	2020-05-22 17:59:54.952449
1578	24	1321	2020-05-22 17:59:54.98428	2020-05-22 17:59:54.98428
1579	33	1070	2020-05-22 17:59:55.504878	2020-05-22 17:59:55.504878
1580	33	1071	2020-05-22 17:59:55.515411	2020-05-22 17:59:55.515411
1581	33	1072	2020-05-22 17:59:55.527666	2020-05-22 17:59:55.527666
1582	33	1073	2020-05-22 17:59:55.537207	2020-05-22 17:59:55.537207
1583	33	1074	2020-05-22 17:59:55.544191	2020-05-22 17:59:55.544191
1584	45	1319	2020-05-22 17:59:56.006672	2020-05-22 17:59:56.006672
1585	45	1318	2020-05-22 17:59:56.017286	2020-05-22 17:59:56.017286
1586	45	1322	2020-05-22 17:59:56.026214	2020-05-22 17:59:56.026214
1587	45	1323	2020-05-22 17:59:56.034943	2020-05-22 17:59:56.034943
1588	45	1324	2020-05-22 17:59:56.043254	2020-05-22 17:59:56.043254
1589	51	1045	2020-05-22 17:59:56.525552	2020-05-22 17:59:56.525552
1590	51	1046	2020-05-22 17:59:56.534107	2020-05-22 17:59:56.534107
1591	51	1047	2020-05-22 17:59:56.540251	2020-05-22 17:59:56.540251
1592	51	1048	2020-05-22 17:59:56.54668	2020-05-22 17:59:56.54668
1593	51	1049	2020-05-22 17:59:56.552954	2020-05-22 17:59:56.552954
1594	70	1107	2020-05-22 17:59:56.970159	2020-05-22 17:59:56.970159
1595	70	1105	2020-05-22 17:59:56.979398	2020-05-22 17:59:56.979398
1596	70	1325	2020-05-22 17:59:56.988644	2020-05-22 17:59:56.988644
1597	70	1104	2020-05-22 17:59:56.99485	2020-05-22 17:59:56.99485
1598	70	1326	2020-05-22 17:59:57.00342	2020-05-22 17:59:57.00342
1599	80	1040	2020-05-22 17:59:57.455623	2020-05-22 17:59:57.455623
1600	80	1041	2020-05-22 17:59:57.464913	2020-05-22 17:59:57.464913
1601	80	1042	2020-05-22 17:59:57.471602	2020-05-22 17:59:57.471602
1602	80	1043	2020-05-22 17:59:57.478036	2020-05-22 17:59:57.478036
1603	80	1044	2020-05-22 17:59:57.484547	2020-05-22 17:59:57.484547
1604	81	1327	2020-05-22 17:59:57.891124	2020-05-22 17:59:57.891124
1605	81	1328	2020-05-22 17:59:57.904284	2020-05-22 17:59:57.904284
1606	81	1329	2020-05-22 17:59:57.914462	2020-05-22 17:59:57.914462
1607	81	1330	2020-05-22 17:59:57.926495	2020-05-22 17:59:57.926495
1608	81	1331	2020-05-22 17:59:57.936284	2020-05-22 17:59:57.936284
1609	94	1035	2020-05-22 17:59:58.422076	2020-05-22 17:59:58.422076
1610	94	1036	2020-05-22 17:59:58.434074	2020-05-22 17:59:58.434074
1611	94	1037	2020-05-22 17:59:58.443199	2020-05-22 17:59:58.443199
1612	94	1038	2020-05-22 17:59:58.451164	2020-05-22 17:59:58.451164
1613	94	1039	2020-05-22 17:59:58.460623	2020-05-22 17:59:58.460623
\.


--
-- Name: ingredient_products_id_seq; Type: SEQUENCE SET; Schema: public; Owner: y.kopylov
--

SELECT pg_catalog.setval('public.ingredient_products_id_seq', 1613, true);


--
-- Data for Name: ingredients; Type: TABLE DATA; Schema: public; Owner: y.kopylov
--

COPY public.ingredients (id, title, created_at, updated_at) FROM stdin;
1	Сливочное масло	2020-05-22 14:37:10.943747	2020-05-22 14:37:10.943747
2	Овсяные хлопья	2020-05-22 14:37:10.950762	2020-05-22 14:37:10.950762
3	Яблоко	2020-05-22 14:37:10.954864	2020-05-22 14:37:10.954864
4	Молотая корица	2020-05-22 14:37:10.958345	2020-05-22 14:37:10.958345
5	Соль	2020-05-22 14:37:10.963439	2020-05-22 14:37:10.963439
6	Сахар	2020-05-22 14:37:10.969718	2020-05-22 14:37:10.969718
7	Мед	2020-05-22 14:37:10.980531	2020-05-22 14:37:10.980531
8	Вода	2020-05-22 14:37:10.998451	2020-05-22 14:37:10.998451
9	Камбала	2020-05-22 14:37:11.021309	2020-05-22 14:37:11.021309
11	Свекла	2020-05-22 14:37:11.061546	2020-05-22 14:37:11.061546
12	Лимон	2020-05-22 14:37:11.088094	2020-05-22 14:37:11.088094
14	Чеснок	2020-05-22 14:37:11.155167	2020-05-22 14:37:11.155167
16	Оливковое масло	2020-05-22 14:37:11.167779	2020-05-22 14:37:11.167779
17	Творог	2020-05-22 14:37:11.171995	2020-05-22 14:37:11.171995
18	Яйцо куриное	2020-05-22 14:37:11.175458	2020-05-22 14:37:11.175458
19	Пшеничная мука	2020-05-22 14:37:11.178853	2020-05-22 14:37:11.178853
20	Подсолнечное масло	2020-05-22 14:37:11.183339	2020-05-22 14:37:11.183339
21	Чернослив	2020-05-22 14:38:16.570339	2020-05-22 14:38:16.570339
22	Грецкие орехи	2020-05-22 14:38:16.585284	2020-05-22 14:38:16.585284
23	Мёд	2020-05-22 14:38:16.597542	2020-05-22 14:38:16.597542
25	Огурцы	2020-05-22 14:38:16.622978	2020-05-22 14:38:16.622978
27	Укроп	2020-05-22 14:38:16.644757	2020-05-22 14:38:16.644757
28	Лимонный сок	2020-05-22 14:38:16.667058	2020-05-22 14:38:16.667058
29	Винный уксус	2020-05-22 14:38:16.671003	2020-05-22 14:38:16.671003
30	Куриное филе	2020-05-22 14:38:16.677906	2020-05-22 14:38:16.677906
31	Мандарины	2020-05-22 14:38:16.686031	2020-05-22 14:38:16.686031
34	соль	2020-05-22 14:38:16.7062	2020-05-22 14:38:16.7062
35	Специи	2020-05-22 14:38:16.7143	2020-05-22 14:38:16.7143
36	Перец чёрный молотый	2020-05-22 14:38:16.720314	2020-05-22 14:38:16.720314
37	Помидоры черри	2020-05-22 14:38:16.727861	2020-05-22 14:38:16.727861
38	Сыр моцарелла	2020-05-22 14:38:16.736565	2020-05-22 14:38:16.736565
39	Зеленый базилик	2020-05-22 14:38:16.742774	2020-05-22 14:38:16.742774
40	Бананы	2020-05-22 14:38:16.753676	2020-05-22 14:38:16.753676
41	Малина замороженная	2020-05-22 14:38:16.757727	2020-05-22 14:38:16.757727
43	Кокосовое молоко	2020-05-22 14:38:16.767267	2020-05-22 14:38:16.767267
44	Гранола	2020-05-22 14:38:16.770558	2020-05-22 14:38:16.770558
46	Помидоры	2020-05-22 14:38:16.781044	2020-05-22 14:38:16.781044
47	Зелёный перец	2020-05-22 14:38:16.784943	2020-05-22 14:38:16.784943
48	Маслины	2020-05-22 14:38:16.788424	2020-05-22 14:38:16.788424
50	Сыр Фета	2020-05-22 14:38:16.799611	2020-05-22 14:38:16.799611
52	Красный лук	2020-05-22 14:38:16.807347	2020-05-22 14:38:16.807347
55	Натуральный йогурт	2020-05-22 14:38:16.820259	2020-05-22 14:38:16.820259
56	Сахарная пудра	2020-05-22 14:38:16.82515	2020-05-22 14:38:16.82515
57	Шафран	2020-05-22 14:38:16.831429	2020-05-22 14:38:16.831429
58	Кардамон	2020-05-22 14:38:16.835455	2020-05-22 14:38:16.835455
59	Лёд	2020-05-22 14:38:16.839215	2020-05-22 14:38:16.839215
61	Лук репчатый	2020-05-22 14:38:16.84676	2020-05-22 14:38:16.84676
63	Капуста брокколи	2020-05-22 14:38:16.853711	2020-05-22 14:38:16.853711
65	Растительное масло	2020-05-22 14:38:16.863325	2020-05-22 14:38:16.863325
66	Устричный соус	2020-05-22 14:38:16.867169	2020-05-22 14:38:16.867169
68	Сыр пармезан	2020-05-22 14:38:16.876159	2020-05-22 14:38:16.876159
72	Говяжий фарш	2020-05-22 14:38:16.891045	2020-05-22 14:38:16.891045
73	Соус болоньей	2020-05-22 14:38:16.896747	2020-05-22 14:38:16.896747
74	молоко	2020-05-22 14:38:16.921929	2020-05-22 14:38:16.921929
76	Твёрдый сыр	2020-05-22 14:38:16.929925	2020-05-22 14:38:16.929925
77	Зелёный салат	2020-05-22 14:38:16.933101	2020-05-22 14:38:16.933101
78	Белый хлеб	2020-05-22 14:38:16.938398	2020-05-22 14:38:16.938398
79	Соус “Цезарь”	2020-05-22 14:38:16.942728	2020-05-22 14:38:16.942728
83	Куриный бульон	2020-05-22 14:38:16.959074	2020-05-22 14:38:16.959074
84	Шампиньоны	2020-05-22 14:38:16.965067	2020-05-22 14:38:16.965067
85	Рассыпчатый творог	2020-05-22 14:38:16.971274	2020-05-22 14:38:16.971274
86	Манная крупа	2020-05-22 14:38:16.97516	2020-05-22 14:38:16.97516
87	Молоко	2020-05-22 14:38:16.978927	2020-05-22 14:38:16.978927
88	Ванилин	2020-05-22 14:38:16.982851	2020-05-22 14:38:16.982851
89	Китайская капуста	2020-05-22 14:38:16.987493	2020-05-22 14:38:16.987493
90	Майонез	2020-05-22 14:38:16.990877	2020-05-22 14:38:16.990877
91	Соевый соус	2020-05-22 14:38:16.996066	2020-05-22 14:38:16.996066
92	Карри	2020-05-22 14:38:16.999501	2020-05-22 14:38:16.999501
93	Филе трески	2020-05-22 14:38:17.003639	2020-05-22 14:38:17.003639
95	Петрушка	2020-05-22 14:38:17.01201	2020-05-22 14:38:17.01201
96	Морковь	2020-05-22 14:38:17.017349	2020-05-22 14:38:17.017349
98	Имбирь	2020-05-22 14:38:17.025704	2020-05-22 14:38:17.025704
99	Базилик	2020-05-22 14:38:17.031089	2020-05-22 14:38:17.031089
100	Груши	2020-05-22 14:38:17.035061	2020-05-22 14:38:17.035061
26	Зеленый лук	2020-05-22 14:38:16.632617	2020-05-22 16:52:14.636223
15	Тархун	2020-05-22 14:37:11.161042	2020-05-22 16:58:50.138244
32	грецкие орехи	2020-05-22 14:38:16.69218	2020-05-22 17:02:30.215014
42	черная смородина	2020-05-22 14:38:16.763463	2020-05-22 17:02:50.948909
49	орегано	2020-05-22 14:38:16.793907	2020-05-22 17:03:33.452421
53	петрушка	2020-05-22 14:38:16.812042	2020-05-22 17:03:51.508584
54	лавровый лист	2020-05-22 14:38:16.815593	2020-05-22 17:04:19.825514
60	кинза	2020-05-22 14:38:16.843261	2020-05-22 17:04:38.310059
62	филе	2020-05-22 14:38:16.850454	2020-05-22 17:05:27.079756
64	имбирь	2020-05-22 14:38:16.856607	2020-05-22 17:06:10.235655
67	шпинат	2020-05-22 14:38:16.87122	2020-05-22 17:06:26.155027
69	черный перец	2020-05-22 14:38:16.879892	2020-05-22 17:07:17.411222
71	красный перец	2020-05-22 14:38:16.886684	2020-05-22 17:07:36.513832
75	лазанья	2020-05-22 14:38:16.926079	2020-05-22 17:08:48.594537
13	лук порей	2020-05-22 14:37:11.10634	2020-05-22 17:51:37.148799
97	яблоко	2020-05-22 14:38:17.020509	2020-05-22 17:10:45.304481
10	капуста	2020-05-22 14:37:11.041338	2020-05-22 17:40:48.335858
82	вино	2020-05-22 14:38:16.955357	2020-05-22 17:40:58.911417
24	яблоки	2020-05-22 14:38:16.609006	2020-05-22 17:51:54.78919
33	Чернослив	2020-05-22 14:38:16.701389	2020-05-22 17:52:40.218037
45	ягоды	2020-05-22 14:38:16.775017	2020-05-22 17:53:43.759414
51	оливковое масло	2020-05-22 14:38:16.803473	2020-05-22 17:54:07.857106
70	соль морская	2020-05-22 14:38:16.883256	2020-05-22 17:54:27.376315
80	чеснок	2020-05-22 14:38:16.947045	2020-05-22 17:56:15.187877
81	рис	2020-05-22 14:38:16.951012	2020-05-22 17:57:30.429296
94	лимон	2020-05-22 14:38:17.008551	2020-05-22 17:57:45.797313
\.


--
-- Name: ingredients_id_seq; Type: SEQUENCE SET; Schema: public; Owner: y.kopylov
--

SELECT pg_catalog.setval('public.ingredients_id_seq', 100, true);


--
-- Data for Name: nutritional_values; Type: TABLE DATA; Schema: public; Owner: y.kopylov
--

COPY public.nutritional_values (id, dish_id, title, value, created_at, updated_at) FROM stdin;
223	82	Витамин С	57	2020-05-22 15:36:59.645423	2020-05-22 15:36:59.645423
224	82	Натрий, Na	28	2020-05-22 15:36:59.652275	2020-05-22 15:36:59.652275
225	82	Витамин B	36	2020-05-22 15:36:59.659057	2020-05-22 15:36:59.659057
226	82	Калий, К	59	2020-05-22 15:36:59.671762	2020-05-22 15:36:59.671762
227	82	Магний, Mg	25	2020-05-22 15:36:59.682277	2020-05-22 15:36:59.682277
228	82	Витамин А	15	2020-05-22 15:36:59.692534	2020-05-22 15:36:59.692534
229	83	Витамин B	10	2020-05-22 15:36:59.70358	2020-05-22 15:36:59.70358
230	83	Витамин А	36	2020-05-22 15:36:59.714203	2020-05-22 15:36:59.714203
231	83	Магний, Mg	46	2020-05-22 15:36:59.72676	2020-05-22 15:36:59.72676
232	83	Витаминг D	44	2020-05-22 15:36:59.744426	2020-05-22 15:36:59.744426
233	83	Калий, К	17	2020-05-22 15:36:59.749979	2020-05-22 15:36:59.749979
234	84	Натрий, Na	48	2020-05-22 15:36:59.75479	2020-05-22 15:36:59.75479
235	84	Фосфор, P	28	2020-05-22 15:36:59.76051	2020-05-22 15:36:59.76051
236	84	Витаминг D	44	2020-05-22 15:36:59.764752	2020-05-22 15:36:59.764752
237	85	Витамин С	32	2020-05-22 15:36:59.768838	2020-05-22 15:36:59.768838
238	85	Витамин А	38	2020-05-22 15:36:59.774951	2020-05-22 15:36:59.774951
239	85	Витаминг D	29	2020-05-22 15:36:59.78199	2020-05-22 15:36:59.78199
240	85	Фосфор, P	55	2020-05-22 15:36:59.786121	2020-05-22 15:36:59.786121
241	85	Витамин B	33	2020-05-22 15:36:59.79146	2020-05-22 15:36:59.79146
242	86	Витамин B	14	2020-05-22 15:36:59.798534	2020-05-22 15:36:59.798534
243	86	Фосфор, P	51	2020-05-22 15:36:59.802404	2020-05-22 15:36:59.802404
244	86	Витамин А	26	2020-05-22 15:36:59.806152	2020-05-22 15:36:59.806152
245	87	Витаминг D	10	2020-05-22 15:36:59.81061	2020-05-22 15:36:59.81061
246	87	Натрий, Na	40	2020-05-22 15:36:59.814718	2020-05-22 15:36:59.814718
247	87	Витамин B	19	2020-05-22 15:36:59.818747	2020-05-22 15:36:59.818747
248	87	Фосфор, P	42	2020-05-22 15:36:59.822909	2020-05-22 15:36:59.822909
249	87	Витамин С	30	2020-05-22 15:36:59.830749	2020-05-22 15:36:59.830749
250	88	Витамин А	24	2020-05-22 15:36:59.836057	2020-05-22 15:36:59.836057
251	88	Витамин B	51	2020-05-22 15:36:59.840383	2020-05-22 15:36:59.840383
252	88	Магний, Mg	23	2020-05-22 15:36:59.844514	2020-05-22 15:36:59.844514
253	88	Витамин С	19	2020-05-22 15:36:59.848053	2020-05-22 15:36:59.848053
254	88	Калий, К	51	2020-05-22 15:36:59.851386	2020-05-22 15:36:59.851386
255	88	Натрий, Na	58	2020-05-22 15:36:59.855283	2020-05-22 15:36:59.855283
256	89	Магний, Mg	59	2020-05-22 15:36:59.863689	2020-05-22 15:36:59.863689
257	89	Фосфор, P	45	2020-05-22 15:36:59.869239	2020-05-22 15:36:59.869239
258	89	Витамин С	46	2020-05-22 15:36:59.875123	2020-05-22 15:36:59.875123
259	89	Витамин B	32	2020-05-22 15:36:59.881743	2020-05-22 15:36:59.881743
260	89	Витамин А	16	2020-05-22 15:36:59.887206	2020-05-22 15:36:59.887206
261	89	Калий, К	17	2020-05-22 15:36:59.891154	2020-05-22 15:36:59.891154
262	89	Натрий, Na	16	2020-05-22 15:36:59.895047	2020-05-22 15:36:59.895047
263	90	Витамин B	42	2020-05-22 15:36:59.898694	2020-05-22 15:36:59.898694
264	90	Калий, К	56	2020-05-22 15:36:59.902101	2020-05-22 15:36:59.902101
265	90	Витамин С	41	2020-05-22 15:36:59.905933	2020-05-22 15:36:59.905933
266	91	Витамин B	28	2020-05-22 15:36:59.912935	2020-05-22 15:36:59.912935
267	91	Натрий, Na	34	2020-05-22 15:36:59.918007	2020-05-22 15:36:59.918007
268	91	Витамин С	45	2020-05-22 15:36:59.92257	2020-05-22 15:36:59.92257
269	91	Витаминг D	34	2020-05-22 15:36:59.929112	2020-05-22 15:36:59.929112
270	91	Магний, Mg	34	2020-05-22 15:36:59.937096	2020-05-22 15:36:59.937096
271	92	Магний, Mg	30	2020-05-22 15:36:59.941093	2020-05-22 15:36:59.941093
272	92	Натрий, Na	48	2020-05-22 15:36:59.944723	2020-05-22 15:36:59.944723
273	93	Витаминг D	12	2020-05-22 15:36:59.948545	2020-05-22 15:36:59.948545
274	93	Калий, К	49	2020-05-22 15:36:59.951976	2020-05-22 15:36:59.951976
275	93	Витамин С	42	2020-05-22 15:36:59.978338	2020-05-22 15:36:59.978338
276	93	Витамин А	41	2020-05-22 15:36:59.982699	2020-05-22 15:36:59.982699
277	94	Витамин С	25	2020-05-22 15:36:59.986187	2020-05-22 15:36:59.986187
278	94	Натрий, Na	47	2020-05-22 15:36:59.991526	2020-05-22 15:36:59.991526
279	94	Витамин А	12	2020-05-22 15:36:59.998008	2020-05-22 15:36:59.998008
280	94	Фосфор, P	44	2020-05-22 15:37:00.050434	2020-05-22 15:37:00.050434
281	94	Витаминг D	42	2020-05-22 15:37:00.056807	2020-05-22 15:37:00.056807
282	94	Витамин B	57	2020-05-22 15:37:00.061163	2020-05-22 15:37:00.061163
283	95	Калий, К	28	2020-05-22 15:37:00.065144	2020-05-22 15:37:00.065144
284	95	Витаминг D	38	2020-05-22 15:37:00.070205	2020-05-22 15:37:00.070205
285	95	Магний, Mg	18	2020-05-22 15:37:00.075052	2020-05-22 15:37:00.075052
286	95	Витамин А	12	2020-05-22 15:37:00.079805	2020-05-22 15:37:00.079805
287	96	Магний, Mg	30	2020-05-22 15:37:00.083609	2020-05-22 15:37:00.083609
288	96	Калий, К	14	2020-05-22 15:37:00.087223	2020-05-22 15:37:00.087223
289	97	Витамин А	43	2020-05-22 15:37:00.093998	2020-05-22 15:37:00.093998
290	97	Фосфор, P	10	2020-05-22 15:37:00.099215	2020-05-22 15:37:00.099215
291	97	Магний, Mg	28	2020-05-22 15:37:00.103378	2020-05-22 15:37:00.103378
292	97	Витаминг D	17	2020-05-22 15:37:00.109187	2020-05-22 15:37:00.109187
293	97	Калий, К	13	2020-05-22 15:37:00.116824	2020-05-22 15:37:00.116824
294	97	Витамин B	21	2020-05-22 15:37:00.124121	2020-05-22 15:37:00.124121
295	97	Витамин С	45	2020-05-22 15:37:00.129781	2020-05-22 15:37:00.129781
296	98	Натрий, Na	25	2020-05-22 15:37:00.133334	2020-05-22 15:37:00.133334
297	98	Витаминг D	16	2020-05-22 15:37:00.137233	2020-05-22 15:37:00.137233
298	98	Витамин B	16	2020-05-22 15:37:00.143496	2020-05-22 15:37:00.143496
299	98	Магний, Mg	40	2020-05-22 15:37:00.148397	2020-05-22 15:37:00.148397
300	98	Витамин С	44	2020-05-22 15:37:00.152242	2020-05-22 15:37:00.152242
301	98	Калий, К	13	2020-05-22 15:37:00.156559	2020-05-22 15:37:00.156559
302	98	Фосфор, P	35	2020-05-22 15:37:00.162162	2020-05-22 15:37:00.162162
303	99	Магний, Mg	23	2020-05-22 15:37:00.167088	2020-05-22 15:37:00.167088
304	99	Витаминг D	42	2020-05-22 15:37:00.170623	2020-05-22 15:37:00.170623
305	100	Магний, Mg	27	2020-05-22 15:37:00.174457	2020-05-22 15:37:00.174457
306	100	Витамин B	46	2020-05-22 15:37:00.178728	2020-05-22 15:37:00.178728
307	100	Калий, К	23	2020-05-22 15:37:00.182473	2020-05-22 15:37:00.182473
308	100	Фосфор, P	37	2020-05-22 15:37:00.186046	2020-05-22 15:37:00.186046
309	101	Фосфор, P	37	2020-05-22 15:37:00.191273	2020-05-22 15:37:00.191273
310	101	Калий, К	59	2020-05-22 15:37:00.197845	2020-05-22 15:37:00.197845
311	101	Витамин С	11	2020-05-22 15:37:00.201939	2020-05-22 15:37:00.201939
312	101	Магний, Mg	50	2020-05-22 15:37:00.206122	2020-05-22 15:37:00.206122
313	101	Витамин B	37	2020-05-22 15:37:00.211284	2020-05-22 15:37:00.211284
\.


--
-- Name: nutritional_values_id_seq; Type: SEQUENCE SET; Schema: public; Owner: y.kopylov
--

SELECT pg_catalog.setval('public.nutritional_values_id_seq', 313, true);


--
-- Data for Name: products; Type: TABLE DATA; Schema: public; Owner: y.kopylov
--

COPY public.products (id, title, shop_name, image_url, created_at, updated_at, price) FROM stdin;
432	Мед Медовый Дом Крымские травы цветочный 320г	perekrestok	https://static01.perekrestok.ru/src/product.file/list/image/28/89/18928.jpeg	2020-05-22 17:14:08.712216	2020-05-22 17:14:08.712216	309
433	Мед Медовый Дом Башкирские степи цветочный 320г	perekrestok	https://static05.perekrestok.ru/src/product.file/list/image/32/89/18932.jpeg	2020-05-22 17:14:08.823707	2020-05-22 17:14:08.823707	439
434	Мед Дедушкин Улей Разнотравье натуральный 380г	perekrestok	https://static06.perekrestok.ru/src/product.file/list/image/98/30/43098.jpeg	2020-05-22 17:14:08.929678	2020-05-22 17:14:08.929678	209
435	Мед Маркет Перекресток Луговой 350г	perekrestok	https://static04.perekrestok.ru/src/product.file/list/image/54/86/88654.jpeg	2020-05-22 17:14:09.025127	2020-05-22 17:14:09.025127	209
436	Мед Медовая Долина Горный натуральный 500г	perekrestok	https://static00.perekrestok.ru/src/product.file/list/image/73/21/52173.jpeg	2020-05-22 17:14:09.080379	2020-05-22 17:14:09.080379	239
437	Вода Святой Источник питьевая негазированная 1.5л	perekrestok	https://static03.perekrestok.ru/src/product.file/list/image/00/81/128100.jpeg	2020-05-22 17:14:10.174214	2020-05-22 17:14:10.174214	39.8999999999999986
438	Вода Черноголовка Вкусная питьевая негазированная 5л	perekrestok	https://static05.perekrestok.ru/src/product.file/list/image/77/37/83777.jpeg	2020-05-22 17:14:10.187994	2020-05-22 17:14:10.187994	69.9000000000000057
439	Вода ФрутоНяня детская негазированная 5л 	perekrestok	https://static03.perekrestok.ru/src/product.file/list/image/38/67/66738.jpeg	2020-05-22 17:14:10.198205	2020-05-22 17:14:10.198205	129
440	Вода Сенежская минеральная столовая газированная 1.5л	perekrestok	https://static05.perekrestok.ru/src/product.file/list/image/51/58/45851.jpeg	2020-05-22 17:14:10.209421	2020-05-22 17:14:10.209421	26.8999999999999986
441	Вода Шишкин Лес питьевая негазированная 5л	perekrestok	https://static00.perekrestok.ru/src/product.file/list/image/37/18/81837.jpeg	2020-05-22 17:14:10.226471	2020-05-22 17:14:10.226471	84.9000000000000057
442	Камбала без головы охлажденная 0.4-0.8кг	perekrestok	https://static01.perekrestok.ru/src/product.file/list/image/08/84/88408.jpeg	2020-05-22 17:14:11.551397	2020-05-22 17:14:11.551397	359
443	Камбала Вяльково вяленая 100г	perekrestok	https://static07.perekrestok.ru/src/product.file/list/image/79/07/20779.jpeg	2020-05-22 17:14:11.562463	2020-05-22 17:14:11.562463	129
444	Камбала Ла Маре филе на коже охлажденное 0.4-0.7кг	perekrestok	https://static02.perekrestok.ru/src/product.file/list/image/52/91/39152.jpeg	2020-05-22 17:14:11.572146	2020-05-22 17:14:11.572146	659
445	Камбала Ла Маре кусок охлажденная 0.5-0.9кг	perekrestok	https://static06.perekrestok.ru/src/product.file/list/image/47/91/39147.jpeg	2020-05-22 17:14:11.584458	2020-05-22 17:14:11.584458	629
446	Свекла	perekrestok	https://static07.perekrestok.ru/src/product.file/list/image/48/97/159748.jpeg	2020-05-22 17:14:15.671184	2020-05-22 17:14:15.671184	24.8999999999999986
447	Свекла вареная очищенная целая 500г упаковка	perekrestok	https://static05.perekrestok.ru/src/product.file/list/image/71/17/71771.jpeg	2020-05-22 17:14:15.684589	2020-05-22 17:14:15.684589	59.8999999999999986
448	Свекла Гамма Вкуса соломка вареная 500г упаковка	perekrestok	https://static00.perekrestok.ru/src/product.file/list/image/12/84/38412.jpeg	2020-05-22 17:14:15.696373	2020-05-22 17:14:15.696373	61.8999999999999986
449	Свекла Белая Дача вареная 500г упаковка	perekrestok	https://static01.perekrestok.ru/src/product.file/list/image/09/01/180109.jpeg	2020-05-22 17:14:15.712966	2020-05-22 17:14:15.712966	135
450	Салат Белая Дача Сладкая Свекла 250г	perekrestok	https://static01.perekrestok.ru/src/product.file/list/image/55/64/86455.jpeg	2020-05-22 17:14:15.723287	2020-05-22 17:14:15.723287	71.9000000000000057
451	Лимоны	perekrestok	https://static04.perekrestok.ru/src/product.file/list/image/88/89/168988.jpeg	2020-05-22 17:14:22.898832	2020-05-22 17:14:22.898832	419
452	Лимоны Узбекистан 2шт упаковка	perekrestok	https://static05.perekrestok.ru/src/product.file/list/image/28/95/89528.jpeg	2020-05-22 17:14:22.91435	2020-05-22 17:14:22.91435	219
453	Лимоны Узбекистан	perekrestok	https://static07.perekrestok.ru/src/product.file/list/image/10/59/105910.jpeg	2020-05-22 17:14:22.956589	2020-05-22 17:14:22.956589	679
454	Лимоны Маркет Перекресток 2шт упаковка	perekrestok	https://static06.perekrestok.ru/src/product.file/list/image/50/01/90150.jpeg	2020-05-22 17:14:22.966427	2020-05-22 17:14:22.966427	209
455	Средство для мытья окон и зеркал Clin Окна и Зеркала Лимон 500мл 	perekrestok	https://static05.perekrestok.ru/src/product.file/list/image/64/15/71564.jpeg	2020-05-22 17:14:22.976359	2020-05-22 17:14:22.976359	99.9000000000000057
456	Лук-порей	perekrestok	https://static05.perekrestok.ru/src/product.file/list/image/41/92/169241.jpeg	2020-05-22 17:14:24.224373	2020-05-22 17:14:24.224373	419
457	Чеснок 1шт упаковка	perekrestok	https://static07.perekrestok.ru/src/product.file/list/image/26/55/165526.jpeg	2020-05-22 17:14:25.33842	2020-05-22 17:14:25.33842	91.9000000000000057
458	Чеснок	perekrestok	https://static08.perekrestok.ru/src/product.file/list/image/01/90/169001.jpeg	2020-05-22 17:14:25.350506	2020-05-22 17:14:25.350506	479
459	Чеснок Фермерский Чеснок Тертый 80г упаковка	perekrestok	https://static05.perekrestok.ru/src/product.file/list/image/00/07/70700.jpeg	2020-05-22 17:14:25.360467	2020-05-22 17:14:25.360467	135
460	Чеснок Фермерский в корзинке 150г упаковка	perekrestok	https://static06.perekrestok.ru/src/product.file/list/image/68/94/69468.jpeg	2020-05-22 17:14:25.36994	2020-05-22 17:14:25.36994	209
461	Чеснок 250г упаковка	perekrestok	https://static07.perekrestok.ru/src/product.file/list/image/82/22/22282.jpeg	2020-05-22 17:14:25.379097	2020-05-22 17:14:25.379097	279
462	Масло оливковое De Cecco Classico 1л	perekrestok	https://static03.perekrestok.ru/src/product.file/list/image/99/47/14799.jpeg	2020-05-22 17:14:27.980035	2020-05-22 17:14:27.980035	829
463	Масло оливковое Coosur Pomace Olive Oil 1л	perekrestok	https://static02.perekrestok.ru/src/product.file/list/image/08/43/54308.jpeg	2020-05-22 17:14:27.990851	2020-05-22 17:14:27.990851	399
464	Масло оливковое Monini Classico Extra Vergine 500мл	perekrestok	https://static04.perekrestok.ru/src/product.file/list/image/91/47/14791.jpeg	2020-05-22 17:14:28.000155	2020-05-22 17:14:28.000155	619
465	Масло оливковое Маркет Перекресток Extra Virgin 500мл	perekrestok	https://static06.perekrestok.ru/src/product.file/list/image/99/04/20499.jpeg	2020-05-22 17:14:28.009927	2020-05-22 17:14:28.009927	229
466	Масло растительное Благо 1л	perekrestok	https://static04.perekrestok.ru/src/product.file/list/image/66/27/102766.jpeg	2020-05-22 17:14:28.01855	2020-05-22 17:14:28.01855	119
467	Творог Балтком 9% 180г	perekrestok	https://static01.perekrestok.ru/src/product.file/list/image/13/93/39313.jpeg	2020-05-22 17:14:36.911674	2020-05-22 17:14:36.911674	74.9000000000000057
468	Творог Благода Крестьянский 12% 180г	perekrestok	https://static04.perekrestok.ru/src/product.file/list/image/91/58/175891.jpeg	2020-05-22 17:14:36.926039	2020-05-22 17:14:36.926039	83.9000000000000057
469	Творог Простоквашино рассыпчатый 9% 250г	perekrestok	https://static04.perekrestok.ru/src/product.file/list/image/46/58/175846.jpeg	2020-05-22 17:14:36.942124	2020-05-22 17:14:36.942124	129
470	Творог Вкуснотеево 9% 300г	perekrestok	https://static02.perekrestok.ru/src/product.file/list/image/47/76/57647.jpeg	2020-05-22 17:14:36.954313	2020-05-22 17:14:36.954313	125
471	Творог детский Агуша Черника 3.9% 100г	perekrestok	https://static01.perekrestok.ru/src/product.file/list/image/60/38/23860.jpeg	2020-05-22 17:14:36.998325	2020-05-22 17:14:36.998325	29.8999999999999986
472	Желток яичный Grovo Удобное яйцо 28 пастеризованных желтков 500г	perekrestok	https://static08.perekrestok.ru/src/product.file/list/image/33/18/111833.jpeg	2020-05-22 17:14:38.6091	2020-05-22 17:14:38.6091	125
473	Яйца Лето С1 коричневые 20шт	perekrestok	https://static00.perekrestok.ru/src/product.file/list/image/25/75/177525.jpeg	2020-05-22 17:14:38.619998	2020-05-22 17:14:38.619998	168.900000000000006
474	Яйца Окское С1 белые 30шт	perekrestok	https://static02.perekrestok.ru/src/product.file/list/image/57/22/42257.jpeg	2020-05-22 17:14:38.631648	2020-05-22 17:14:38.631648	239.900000000000006
475	Яйца Роскар Экстра СО коричневые 10шт	perekrestok	https://static06.perekrestok.ru/src/product.file/list/image/97/49/44997.jpeg	2020-05-22 17:14:38.640795	2020-05-22 17:14:38.640795	93.9000000000000057
476	Яйца Окское С1 белые 10шт	perekrestok	https://static03.perekrestok.ru/src/product.file/list/image/85/49/44985.jpeg	2020-05-22 17:14:38.65128	2020-05-22 17:14:38.65128	85.9000000000000057
477	Мука Makfa Пшеничная высший сорт 2кг	perekrestok	https://static08.perekrestok.ru/src/product.file/list/image/21/07/160721.jpeg	2020-05-22 17:14:39.671953	2020-05-22 17:14:39.671953	84.9000000000000057
478	Мука Старооскольская Пшеничная 2кг	perekrestok	https://static02.perekrestok.ru/src/product.file/list/image/37/60/46037.jpeg	2020-05-22 17:14:39.681514	2020-05-22 17:14:39.681514	94.9000000000000057
479	Мука Пышечка Пшеничная высший сорт 2кг	perekrestok	https://static01.perekrestok.ru/src/product.file/list/image/91/14/41491.jpeg	2020-05-22 17:14:39.693253	2020-05-22 17:14:39.693253	94.9000000000000057
480	Мука Makfa Пшеничная высший сорт 1кг	perekrestok	https://static05.perekrestok.ru/src/product.file/list/image/82/06/160682.jpeg	2020-05-22 17:14:39.703841	2020-05-22 17:14:39.703841	65.9000000000000057
481	Мука С.Пудовъ Пшеничная высший сорт 2кг	perekrestok	https://static08.perekrestok.ru/src/product.file/list/image/09/20/152009.jpeg	2020-05-22 17:14:39.714286	2020-05-22 17:14:39.714286	99.9000000000000057
482	Масло подсолнечное Слобода 1.8л	perekrestok	https://static08.perekrestok.ru/src/product.file/list/image/91/20/52091.jpeg	2020-05-22 17:14:40.585849	2020-05-22 17:14:40.585849	189.900000000000006
483	Масло подсолнечное ПРОСТО 900мл	perekrestok	https://static05.perekrestok.ru/src/product.file/list/image/79/44/84479.jpeg	2020-05-22 17:14:40.596758	2020-05-22 17:14:40.596758	49.8999999999999986
484	Масло подсолнечное Золотая Семечка без запаха 1л	perekrestok	https://static02.perekrestok.ru/src/product.file/list/image/22/57/45722.jpeg	2020-05-22 17:14:40.605924	2020-05-22 17:14:40.605924	98.9000000000000057
485	Масло подсолнечное Россиянка 1л	perekrestok	https://static07.perekrestok.ru/src/product.file/list/image/08/82/168208.jpeg	2020-05-22 17:14:40.615786	2020-05-22 17:14:40.615786	73.9000000000000057
486	Масло подсолнечное Слобода 1л	perekrestok	https://static05.perekrestok.ru/src/product.file/list/image/59/44/14459.jpeg	2020-05-22 17:14:40.62969	2020-05-22 17:14:40.62969	104.900000000000006
487	Чернослив Маркет Перекресток без косточки 150г	perekrestok	https://static08.perekrestok.ru/src/product.file/list/image/57/64/46457.jpeg	2020-05-22 17:14:46.574829	2020-05-22 17:14:46.574829	114.900000000000006
488	Чернослив Маркет Перекресток сушеный 150г	perekrestok	https://static01.perekrestok.ru/src/product.file/list/image/91/40/54091.jpeg	2020-05-22 17:14:46.587998	2020-05-22 17:14:46.587998	129
489	Чернослив ПРОСТО 100г	perekrestok	https://static04.perekrestok.ru/src/product.file/list/image/88/43/84388.jpeg	2020-05-22 17:14:46.642646	2020-05-22 17:14:46.642646	26.8999999999999986
490	Чернослив (сливы сушеные) 200г	perekrestok	https://static04.perekrestok.ru/src/product.file/list/image/21/52/35221.jpeg	2020-05-22 17:14:46.653286	2020-05-22 17:14:46.653286	114.900000000000006
491	Чернослив ZackRoma сушеный 200г	perekrestok	https://static05.perekrestok.ru/src/product.file/list/image/69/78/117869.jpeg	2020-05-22 17:14:46.663686	2020-05-22 17:14:46.663686	125
492	Грецкий орех Маркет Перекресток 134г	perekrestok	https://static08.perekrestok.ru/src/product.file/list/image/24/61/46124.jpeg	2020-05-22 17:14:52.727241	2020-05-22 17:14:52.727241	239
493	Грецкий орех Grand Master 380г	perekrestok	https://static02.perekrestok.ru/src/product.file/list/image/44/89/48944.jpeg	2020-05-22 17:14:52.742411	2020-05-22 17:14:52.742411	859
494	Грецкий орех Семушка 110г	perekrestok	https://static03.perekrestok.ru/src/product.file/list/image/29/22/152229.jpeg	2020-05-22 17:14:52.752252	2020-05-22 17:14:52.752252	235
495	Масло грецкого ореха Golden Kings of Ukraine 350мл	perekrestok	https://static03.perekrestok.ru/src/product.file/list/image/05/20/52005.jpeg	2020-05-22 17:14:52.761175	2020-05-22 17:14:52.761175	759
496	Масло грецкого ореха Eleo 250мл	perekrestok	https://static07.perekrestok.ru/src/product.file/list/image/95/81/118195.jpeg	2020-05-22 17:14:52.771395	2020-05-22 17:14:52.771395	499
497	Сок Сады Придонья Зеленое яблоко 1л	perekrestok	https://static04.perekrestok.ru/src/product.file/list/image/49/00/180049.jpeg	2020-05-22 17:14:58.364639	2020-05-22 17:14:58.364639	99.9899999999999949
498	Йогурт питьевой Агуша Засыпай-ка Зеленое яблоко-мелисса 2.7% 200г	perekrestok	https://static06.perekrestok.ru/src/product.file/list/image/10/39/23910.jpeg	2020-05-22 17:14:58.375782	2020-05-22 17:14:58.375782	42.8999999999999986
499	Сок Сады Придонья Зеленое яблоко 200мл	perekrestok	https://static07.perekrestok.ru/src/product.file/list/image/53/99/179953.jpeg	2020-05-22 17:14:58.386839	2020-05-22 17:14:58.386839	24.8999999999999986
500	Сок Сады Придонья Яблоко зеленое 125мл	perekrestok	https://static04.perekrestok.ru/src/product.file/list/image/77/99/179977.jpeg	2020-05-22 17:14:58.396117	2020-05-22 17:14:58.396117	12.9000000000000004
501	Напиток Barley Bros Яблоко и зеленый чай безалкогольный сильногазированный 440мл	perekrestok	https://static08.perekrestok.ru/src/product.file/list/image/26/25/112526.jpeg	2020-05-22 17:14:58.411909	2020-05-22 17:14:58.411909	57.8999999999999986
502	Огурцы короткоплодные	perekrestok	https://static02.perekrestok.ru/src/product.file/list/image/00/22/162200.jpeg	2020-05-22 17:15:01.704209	2020-05-22 17:15:01.704209	89.9000000000000057
503	Огурцы Бакинские 300г упаковка 	perekrestok	https://static06.perekrestok.ru/src/product.file/list/image/70/55/165570.jpeg	2020-05-22 17:15:01.750637	2020-05-22 17:15:01.750637	145
504	Огурцы Валдайский Погребок соленые 650г	perekrestok	https://static00.perekrestok.ru/src/product.file/list/image/33/56/15633.jpeg	2020-05-22 17:15:01.760282	2020-05-22 17:15:01.760282	114.900000000000006
505	Огурцы 6 Соток маринованные хрустящие 680г	perekrestok	https://static07.perekrestok.ru/src/product.file/list/image/42/80/118042.jpeg	2020-05-22 17:15:01.772198	2020-05-22 17:15:01.772198	165
506	Огурцы Маркет Перекресток маринованные целые 680г	perekrestok	https://static08.perekrestok.ru/src/product.file/list/image/18/33/23318.jpeg	2020-05-22 17:15:01.785639	2020-05-22 17:15:01.785639	93.9000000000000057
507	Набор зелени Лук укроп петрушка 70г упаковка	perekrestok	https://static04.perekrestok.ru/src/product.file/list/image/32/78/27832.jpeg	2020-05-22 17:15:06.584625	2020-05-22 17:15:06.584625	61.8999999999999986
508	Укроп 100г упаковка	perekrestok	https://static08.perekrestok.ru/src/product.file/list/image/91/77/27791.jpeg	2020-05-22 17:15:06.59746	2020-05-22 17:15:06.59746	61.8999999999999986
509	Укроп 30г упаковка	perekrestok	https://static03.perekrestok.ru/src/product.file/list/image/49/78/27849.jpeg	2020-05-22 17:15:06.6121	2020-05-22 17:15:06.6121	41.8999999999999986
510	Набор зелени Петрушка укроп 30г упаковка	perekrestok	https://static07.perekrestok.ru/src/product.file/list/image/44/78/27844.jpeg	2020-05-22 17:15:06.622817	2020-05-22 17:15:06.622817	43.8999999999999986
511	Набор для окрошки Лук укроп редис 200г упаковка	perekrestok	https://static04.perekrestok.ru/src/product.file/list/image/58/75/67558.jpeg	2020-05-22 17:15:06.640851	2020-05-22 17:15:06.640851	87.9000000000000057
512	Сироп Royal Cane Лимонный сок 1л	perekrestok	https://static03.perekrestok.ru/src/product.file/list/image/66/30/153066.jpeg	2020-05-22 17:15:09.894006	2020-05-22 17:15:09.894006	249
513	Сок Ideas Яблоко-огурец-сельдерей-лимон-имбирь 1л	perekrestok	https://static03.perekrestok.ru/src/product.file/list/image/74/15/41574.jpeg	2020-05-22 17:15:09.90776	2020-05-22 17:15:09.90776	159
514	Майонез Махеевъ Провансаль с лимонным соком 67% 400мл	perekrestok	https://static01.perekrestok.ru/src/product.file/list/image/34/35/43534.jpeg	2020-05-22 17:15:09.919228	2020-05-22 17:15:09.919228	83.9000000000000057
515	Приправа Sicilia Сок лимона 115мл	perekrestok	https://static07.perekrestok.ru/src/product.file/list/image/58/93/9358.jpeg	2020-05-22 17:15:09.93404	2020-05-22 17:15:09.93404	73.9000000000000057
516	Средство для мытья фруктов овощей и посуды Zero Сода + Сок лимона 500мл	perekrestok	https://static00.perekrestok.ru/src/product.file/list/image/47/95/29547.jpeg	2020-05-22 17:15:09.943696	2020-05-22 17:15:09.943696	119
517	Уксус СП Мирный Винный натуральный 6% 250мл	perekrestok	https://static03.perekrestok.ru/src/product.file/list/image/48/53/105348.jpeg	2020-05-22 17:15:11.439052	2020-05-22 17:15:11.439052	73.9000000000000057
518	Уксус Hengstenberg Винный красный 6% 500мл	perekrestok	https://static06.perekrestok.ru/src/product.file/list/image/78/03/60378.jpeg	2020-05-22 17:15:11.450437	2020-05-22 17:15:11.450437	209
519	Уксус Hengstenberg Винный белый 6% 500мл	perekrestok	https://static01.perekrestok.ru/src/product.file/list/image/82/03/60382.jpeg	2020-05-22 17:15:11.461526	2020-05-22 17:15:11.461526	209
520	Уксус Kuhne из белого вина 6% 250мл	perekrestok	https://static03.perekrestok.ru/src/product.file/list/image/56/64/6456.jpeg	2020-05-22 17:15:11.470871	2020-05-22 17:15:11.470871	229
521	Уксус Monini винный бальзамический 6% 250мл	perekrestok	https://static02.perekrestok.ru/src/product.file/list/image/29/36/93629.jpeg	2020-05-22 17:15:11.521479	2020-05-22 17:15:11.521479	389
522	Филе цыпленка-бройлера Первая свежесть в панировке 500г	perekrestok	https://static03.perekrestok.ru/src/product.file/list/image/61/93/119361.jpeg	2020-05-22 17:15:14.600436	2020-05-22 17:15:14.600436	145
523	Филе грудки Карпатия с черносливом копчено-вареное 100г	perekrestok	https://static03.perekrestok.ru/src/product.file/list/image/67/29/152967.jpeg	2020-05-22 17:15:14.614051	2020-05-22 17:15:14.614051	145
524	Рулет куриный Окраина	perekrestok	https://static03.perekrestok.ru/src/product.file/list/image/66/73/87366.jpeg	2020-05-22 17:15:14.630251	2020-05-22 17:15:14.630251	649
525	Рулет Зеленая Линия куриный вареный 0.2-0.4кг	perekrestok	https://static03.perekrestok.ru/src/product.file/list/image/42/90/159042.jpeg	2020-05-22 17:15:14.641391	2020-05-22 17:15:14.641391	619
526	Филе грудки Троекурово куриное 900г	perekrestok	https://static03.perekrestok.ru/src/product.file/list/image/67/35/93567.jpeg	2020-05-22 17:15:14.650606	2020-05-22 17:15:14.650606	279
527	Мандарины	perekrestok	https://static00.perekrestok.ru/src/product.file/list/image/77/16/151677.jpeg	2020-05-22 17:15:15.618869	2020-05-22 17:15:15.618869	175
528	Мандарины Израильские	perekrestok	https://static04.perekrestok.ru/src/product.file/list/image/10/03/180310.jpeg	2020-05-22 17:15:15.632131	2020-05-22 17:15:15.632131	229
529	Мандарины Маркет Перекресток 1.4-1.6кг упаковка	perekrestok	https://static08.perekrestok.ru/src/product.file/list/image/64/98/89864.jpeg	2020-05-22 17:15:15.644289	2020-05-22 17:15:15.644289	219
530	Мандарины Bollo 1-1.1кг	perekrestok	https://static02.perekrestok.ru/src/product.file/list/image/60/69/86960.jpeg	2020-05-22 17:15:15.654452	2020-05-22 17:15:15.654452	419
531	Мандарины Lutik дольки в сиропе 314мл	perekrestok	https://static07.perekrestok.ru/src/product.file/list/image/54/70/7054.jpeg	2020-05-22 17:15:15.671729	2020-05-22 17:15:15.671729	99.9000000000000057
532	Кетчуп Heinz Специи востока 350г	perekrestok	https://static06.perekrestok.ru/src/product.file/list/image/25/77/127725.jpeg	2020-05-22 17:15:19.068716	2020-05-22 17:15:19.068716	87.9000000000000057
533	Специи Sonnentor для стейка с сушеными томатами 50г	perekrestok	https://static01.perekrestok.ru/src/product.file/list/image/36/70/127036.jpeg	2020-05-22 17:15:19.079615	2020-05-22 17:15:19.079615	409
534	Специи Sonnentor для гриля с ягодами можжевельника 60г	perekrestok	https://static03.perekrestok.ru/src/product.file/list/image/38/70/127038.jpeg	2020-05-22 17:15:19.117838	2020-05-22 17:15:19.117838	409
535	Специя Kotanyi Лавровый лист отборный 5г	perekrestok	https://static05.perekrestok.ru/src/product.file/list/image/04/07/120704.jpeg	2020-05-22 17:15:19.127974	2020-05-22 17:15:19.127974	49.8999999999999986
536	Специя Kotanyi Орегано (Душица) измельченный 8г	perekrestok	https://static06.perekrestok.ru/src/product.file/list/image/96/06/120696.jpeg	2020-05-22 17:15:19.138017	2020-05-22 17:15:19.138017	51.8999999999999986
537	Перец ПРОСТО черный молотый 15г	perekrestok	https://static03.perekrestok.ru/src/product.file/list/image/93/46/84693.jpeg	2020-05-22 17:15:21.003585	2020-05-22 17:15:21.003585	5.90000000000000036
538	Приправа Kotanyi Перец черный молотый 20г	perekrestok	https://static04.perekrestok.ru/src/product.file/list/image/21/07/120721.jpeg	2020-05-22 17:15:21.015503	2020-05-22 17:15:21.015503	49.8999999999999986
539	Перец Santa Maria черный молотый 16г	perekrestok	https://static02.perekrestok.ru/src/product.file/list/image/66/89/98966.jpeg	2020-05-22 17:15:21.02711	2020-05-22 17:15:21.02711	65.9000000000000057
540	Перец Маркет Перекресток Черный молотый 18г	perekrestok	https://static07.perekrestok.ru/src/product.file/list/image/79/24/122479.jpeg	2020-05-22 17:15:21.036425	2020-05-22 17:15:21.036425	41.8999999999999986
731	Кислота лимонная Haas 10г	perekrestok	https://static08.perekrestok.ru/src/product.file/list/image/60/33/53360.jpeg	2020-05-22 17:17:03.665536	2020-05-22 17:17:03.665536	9.90000000000000036
541	Перец Santa Maria Органик черный молотый 17г	perekrestok	https://static05.perekrestok.ru/src/product.file/list/image/59/61/26159.jpeg	2020-05-22 17:15:21.052743	2020-05-22 17:15:21.052743	99.9000000000000057
542	Томаты Черри красные 250г упаковка	perekrestok	https://static07.perekrestok.ru/src/product.file/list/image/86/45/24586.jpeg	2020-05-22 17:15:23.229803	2020-05-22 17:15:23.229803	93.9000000000000057
543	Томаты Черри ведерко 500г упаковка 	perekrestok	https://static00.perekrestok.ru/src/product.file/list/image/17/57/165717.jpeg	2020-05-22 17:15:23.240803	2020-05-22 17:15:23.240803	209
544	Томаты Черри на ветке 250г упаковка	perekrestok	https://static00.perekrestok.ru/src/product.file/list/image/44/21/162144.jpeg	2020-05-22 17:15:23.251798	2020-05-22 17:15:23.251798	155
545	Томаты Черри Медовые на ветке 200г упаковка	perekrestok	https://static07.perekrestok.ru/src/product.file/list/image/70/73/177370.jpeg	2020-05-22 17:15:23.260894	2020-05-22 17:15:23.260894	129.900000000000006
546	Томаты Черри Кумато 250г упаковка 	perekrestok	https://static08.perekrestok.ru/src/product.file/list/image/41/82/28241.jpeg	2020-05-22 17:15:23.270104	2020-05-22 17:15:23.270104	99.9000000000000057
547	Сыр Galbani Моцарелла 45% 125г	perekrestok	https://static01.perekrestok.ru/src/product.file/list/image/20/08/180820.jpeg	2020-05-22 17:15:24.46654	2020-05-22 17:15:24.46654	159.800000000000011
548	Сыр Galbani Моцарелла Макси 45% 250г	perekrestok	https://static01.perekrestok.ru/src/product.file/list/image/38/08/180838.jpeg	2020-05-22 17:15:24.4777	2020-05-22 17:15:24.4777	199.900000000000006
549	Сыр Galbani Моцарелла Мини 45% 285г	perekrestok	https://static02.perekrestok.ru/src/product.file/list/image/66/08/180866.jpeg	2020-05-22 17:15:24.487843	2020-05-22 17:15:24.487843	219
550	Сыр Bonfesto Моцарелла 45% 150г	perekrestok	https://static00.perekrestok.ru/src/product.file/list/image/61/94/169461.jpeg	2020-05-22 17:15:24.49652	2020-05-22 17:15:24.49652	185
551	Сыр Galbani Моцарелла Боккончини 45% 8шт*25г	perekrestok	https://static07.perekrestok.ru/src/product.file/list/image/71/08/180871.jpeg	2020-05-22 17:15:24.508399	2020-05-22 17:15:24.508399	179.900000000000006
552	Набор зелени Базилик кинза лук 100г упаковка	perekrestok	https://static04.perekrestok.ru/src/product.file/list/image/85/79/27985.jpeg	2020-05-22 17:15:25.566469	2020-05-22 17:15:25.566469	125
553	Базилик Маркет Перекресток зеленый 50г упаковка	perekrestok	https://static01.perekrestok.ru/src/product.file/list/image/26/04/70426.jpeg	2020-05-22 17:15:25.577204	2020-05-22 17:15:25.577204	209
554	Семена Удачные семена Базилик Зеленый ароматный 0.5г	perekrestok	https://static07.perekrestok.ru/src/product.file/list/image/21/43/154321.jpeg	2020-05-22 17:15:25.58876	2020-05-22 17:15:25.58876	9.90000000000000036
555	Бананы Био 0.5-1.1кг 	perekrestok	https://static06.perekrestok.ru/src/product.file/list/image/92/25/62592.jpeg	2020-05-22 17:15:26.500463	2020-05-22 17:15:26.500463	135
556	Бананы сушеные 100г в ассортименте	perekrestok	https://static08.perekrestok.ru/src/product.file/list/image/09/67/46709.jpeg	2020-05-22 17:15:26.51156	2020-05-22 17:15:26.51156	61.8999999999999986
557	Бананы-мини	perekrestok	https://static02.perekrestok.ru/src/product.file/list/image/20/56/165620.jpeg	2020-05-22 17:15:26.521037	2020-05-22 17:15:26.521037	195
558	Бананы Naturfoods вяленые 200г	perekrestok	https://static00.perekrestok.ru/src/product.file/list/image/25/13/71325.jpeg	2020-05-22 17:15:26.530406	2020-05-22 17:15:26.530406	145
559	Бананы Banana Republic сушеные 200г	perekrestok	https://static06.perekrestok.ru/src/product.file/list/image/32/39/73932.jpeg	2020-05-22 17:15:26.541308	2020-05-22 17:15:26.541308	185
560	Малина Маркет Перекресток быстрозамороженная 400г	perekrestok	https://static05.perekrestok.ru/src/product.file/list/image/43/83/58343.jpeg	2020-05-22 17:15:27.791889	2020-05-22 17:15:27.791889	299
561	Малина Вологодская ягода быстрозамороженная 300г	perekrestok	https://static06.perekrestok.ru/src/product.file/list/image/66/91/119166.jpeg	2020-05-22 17:15:27.803467	2020-05-22 17:15:27.803467	209
562	Малина Hortex Moments в темном шоколаде быстрозамороженная 100г	perekrestok	https://static06.perekrestok.ru/src/product.file/list/image/79/76/47679.jpeg	2020-05-22 17:15:27.813931	2020-05-22 17:15:27.813931	219
563	Малина Hortex Moments в белом шоколаде быстрозамороженная 100г	perekrestok	https://static04.perekrestok.ru/src/product.file/list/image/77/76/47677.jpeg	2020-05-22 17:15:27.823367	2020-05-22 17:15:27.823367	219
564	Кокосовое молоко Aroy-D 60% 400мл	perekrestok	https://static00.perekrestok.ru/src/product.file/list/image/06/45/34506.jpeg	2020-05-22 17:15:30.096715	2020-05-22 17:15:30.096715	185
565	Кокосовое молоко Aroy-D 17-19% 250мл	perekrestok	https://static02.perekrestok.ru/src/product.file/list/image/96/57/115796.jpeg	2020-05-22 17:15:30.108039	2020-05-22 17:15:30.108039	125
566	Кокосовое молоко Aroy-D 60% 500мл	perekrestok	https://static02.perekrestok.ru/src/product.file/list/image/65/88/118865.jpeg	2020-05-22 17:15:30.117758	2020-05-22 17:15:30.117758	185
567	Маска для волос Garnier Botanic Therapy 3в1 Питание и мягкость Кокосовое молоко и макадамия 300мл	perekrestok	https://static00.perekrestok.ru/src/product.file/list/image/22/20/122022.jpeg	2020-05-22 17:15:30.128179	2020-05-22 17:15:30.128179	419
568	Шампунь для волос Herbal Essences Кокосовое молоко Питание и сила 400мл	perekrestok	https://static05.perekrestok.ru/src/product.file/list/image/47/70/147047.jpeg	2020-05-22 17:15:30.143042	2020-05-22 17:15:30.143042	399
569	Печенье-гранола Extra сдобное с шоколадом и фундуком 150г 	perekrestok	https://static00.perekrestok.ru/src/product.file/list/image/60/31/173160.jpeg	2020-05-22 17:15:31.317135	2020-05-22 17:15:31.317135	94.9000000000000057
570	Гранола Bionova Вишневая без сахара 400г	perekrestok	https://static01.perekrestok.ru/src/product.file/list/image/98/12/171298.jpeg	2020-05-22 17:15:31.328063	2020-05-22 17:15:31.328063	419
571	Печенье-гранола Extra сдобное с шоколадом и карамелью 150г	perekrestok	https://static08.perekrestok.ru/src/product.file/list/image/59/31/173159.jpeg	2020-05-22 17:15:31.338965	2020-05-22 17:15:31.338965	94.9000000000000057
572	Гранола Ол Лайт медовые шоколадные с орехами 280г	perekrestok	https://static06.perekrestok.ru/src/product.file/list/image/68/31/153168.jpeg	2020-05-22 17:15:31.348087	2020-05-22 17:15:31.348087	155
573	Гранола Ол Лайт медовые с фруктами и орехами 280г	perekrestok	https://static05.perekrestok.ru/src/product.file/list/image/67/31/153167.jpeg	2020-05-22 17:15:31.362449	2020-05-22 17:15:31.362449	165
574	Огурцы Люкс 450г упаковка	perekrestok	https://static00.perekrestok.ru/src/product.file/list/image/98/03/160398.jpeg	2020-05-22 17:15:32.666586	2020-05-22 17:15:32.666586	99.9000000000000057
575	Огурцы корнишоны 300г упаковка 	perekrestok	https://static03.perekrestok.ru/src/product.file/list/image/38/15/41538.jpeg	2020-05-22 17:15:32.675605	2020-05-22 17:15:32.675605	89.9000000000000057
576	Огурцы подмосковные	perekrestok	https://static02.perekrestok.ru/src/product.file/list/image/50/15/181550.jpeg	2020-05-22 17:15:32.686367	2020-05-22 17:15:32.686367	119
577	Кокос Honey Crunch Cocoface свежий из Таиланда  1шт	perekrestok	https://static01.perekrestok.ru/src/product.file/list/image/78/60/166078.jpeg	2020-05-22 17:15:32.69851	2020-05-22 17:15:32.69851	309
578	Томаты розовые Азербайджан	perekrestok	https://static07.perekrestok.ru/src/product.file/list/image/66/68/86866.jpeg	2020-05-22 17:15:33.649806	2020-05-22 17:15:33.649806	199.900000000000006
579	Томаты на ветке красные	perekrestok	https://static04.perekrestok.ru/src/product.file/list/image/02/04/160402.jpeg	2020-05-22 17:15:33.660617	2020-05-22 17:15:33.660617	189
580	Томаты	perekrestok	https://static08.perekrestok.ru/src/product.file/list/image/14/92/19214.jpeg	2020-05-22 17:15:33.669445	2020-05-22 17:15:33.669445	109.900000000000006
581	Перец Santa Maria Халапеньо зеленый 110г	perekrestok	https://static01.perekrestok.ru/src/product.file/list/image/06/00/40006.jpeg	2020-05-22 17:15:35.681099	2020-05-22 17:15:35.681099	239
582	Попкорн Holy Corn Сметана зелень и черный перец 20г	perekrestok	https://static07.perekrestok.ru/src/product.file/list/image/87/48/164887.jpeg	2020-05-22 17:15:35.692519	2020-05-22 17:15:35.692519	65
583	Перец Рамиро 1шт	perekrestok	https://static04.perekrestok.ru/src/product.file/list/image/75/72/17275.jpeg	2020-05-22 17:15:35.702472	2020-05-22 17:15:35.702472	135
584	Перец красный сладкий	perekrestok	https://static05.perekrestok.ru/src/product.file/list/image/58/94/159458.jpeg	2020-05-22 17:15:35.711583	2020-05-22 17:15:35.711583	289
585	Перец желтый сладкий	perekrestok	https://static00.perekrestok.ru/src/product.file/list/image/18/56/165618.jpeg	2020-05-22 17:15:35.749695	2020-05-22 17:15:35.749695	289
586	Перец жгучий смешанный 100г упаковка	perekrestok	https://static07.perekrestok.ru/src/product.file/list/image/50/73/17350.jpeg	2020-05-22 17:15:35.764732	2020-05-22 17:15:35.764732	99.9000000000000057
587	Перец микс 450г упаковка	perekrestok	https://static03.perekrestok.ru/src/product.file/list/image/21/43/24321.jpeg	2020-05-22 17:15:35.774929	2020-05-22 17:15:35.774929	209
588	Перец Долма	perekrestok	https://static08.perekrestok.ru/src/product.file/list/image/88/57/165788.jpeg	2020-05-22 17:15:35.79012	2020-05-22 17:15:35.79012	269
589	Маслины ITLV черные без косточки 170г	perekrestok	https://static02.perekrestok.ru/src/product.file/list/image/96/72/147296.jpeg	2020-05-22 17:15:39.200053	2020-05-22 17:15:39.200053	69.9000000000000057
590	Маслины Маркет Перекресток без косточки 400г	perekrestok	https://static05.perekrestok.ru/src/product.file/list/image/65/27/32765.jpeg	2020-05-22 17:15:39.21403	2020-05-22 17:15:39.21403	99.9000000000000057
591	Маслины Iberica mini без косточки 300г	perekrestok	https://static03.perekrestok.ru/src/product.file/list/image/38/91/9138.jpeg	2020-05-22 17:15:39.224512	2020-05-22 17:15:39.224512	114.900000000000006
592	Маслины Sol Negro без косточки 480г	perekrestok	https://static04.perekrestok.ru/src/product.file/list/image/03/19/1903.jpeg	2020-05-22 17:15:39.233309	2020-05-22 17:15:39.233309	155
593	Маслины Bonduelle Classique без косточки 300г	perekrestok	https://static05.perekrestok.ru/src/product.file/list/image/98/57/35798.jpeg	2020-05-22 17:15:39.243776	2020-05-22 17:15:39.243776	128.900000000000006
732	Кислота лимонная Dr.Oetker пищевая 50г	perekrestok	https://static08.perekrestok.ru/src/product.file/list/image/39/99/149939.jpeg	2020-05-22 17:17:03.674937	2020-05-22 17:17:03.674937	36.8999999999999986
733	Петрушка 100г упаковка	perekrestok	https://static00.perekrestok.ru/src/product.file/list/image/92/77/27792.jpeg	2020-05-22 17:17:06.939118	2020-05-22 17:17:06.939118	61.8999999999999986
734	Петрушка 30г упаковка	perekrestok	https://static04.perekrestok.ru/src/product.file/list/image/49/92/169249.jpeg	2020-05-22 17:17:06.948149	2020-05-22 17:17:06.948149	33.8999999999999986
735	Семена Удачные семена Петрушка Итальянский богатырь 2г	perekrestok	https://static01.perekrestok.ru/src/product.file/list/image/98/41/154198.jpeg	2020-05-22 17:17:06.9696	2020-05-22 17:17:06.9696	11.9000000000000004
736	Морковь мытая	perekrestok	https://static00.perekrestok.ru/src/product.file/list/image/89/21/162189.jpeg	2020-05-22 17:17:17.135908	2020-05-22 17:17:17.135908	73.9000000000000057
737	Морковь отечественная	perekrestok	https://static05.perekrestok.ru/src/product.file/list/image/46/97/159746.jpeg	2020-05-22 17:17:17.148511	2020-05-22 17:17:17.148511	34.8999999999999986
738	Мини-морковь Зайкино счастье 450г упаковка	perekrestok	https://static08.perekrestok.ru/src/product.file/list/image/40/11/21140.jpeg	2020-05-22 17:17:17.161271	2020-05-22 17:17:17.161271	135
739	Морковь мытая 1кг упаковка	perekrestok	https://static06.perekrestok.ru/src/product.file/list/image/22/93/89322.jpeg	2020-05-22 17:17:17.172044	2020-05-22 17:17:17.172044	73.9000000000000057
740	Мини-морковь Зайкино счастье 250г упаковка	perekrestok	https://static03.perekrestok.ru/src/product.file/list/image/22/24/22422.jpeg	2020-05-22 17:17:17.186219	2020-05-22 17:17:17.186219	93.9000000000000057
741	Имбирь	perekrestok	https://static03.perekrestok.ru/src/product.file/list/image/01/58/165801.jpeg	2020-05-22 17:17:18.364014	2020-05-22 17:17:18.364014	759
742	Имбирь Wike маринованный 100г	perekrestok	https://static02.perekrestok.ru/src/product.file/list/image/31/14/21431.jpeg	2020-05-22 17:17:18.401715	2020-05-22 17:17:18.401715	55.8999999999999986
743	Имбирь Ферэльгам маринованный 400г	perekrestok	https://static03.perekrestok.ru/src/product.file/list/image/59/19/151959.jpeg	2020-05-22 17:17:18.412089	2020-05-22 17:17:18.412089	114.900000000000006
744	Имбирь Takemura маринованный 300г	perekrestok	https://static08.perekrestok.ru/src/product.file/list/image/10/64/66410.jpeg	2020-05-22 17:17:18.424273	2020-05-22 17:17:18.424273	145
745	Имбирь Фиш Хаус маринованный 30мл	perekrestok	https://static08.perekrestok.ru/src/product.file/list/image/50/52/145250.jpeg	2020-05-22 17:17:18.433155	2020-05-22 17:17:18.433155	19.8999999999999986
746	Семена Удачные семена Базилик Фиолетовый 0.3г	perekrestok	https://static03.perekrestok.ru/src/product.file/list/image/99/42/154299.jpeg	2020-05-22 17:17:25.929738	2020-05-22 17:17:25.929738	9.90000000000000036
747	Семена Гавриш Базилик Ереванский рубин 0.3г	perekrestok	https://static05.perekrestok.ru/src/product.file/list/image/11/42/154211.jpeg	2020-05-22 17:17:25.954208	2020-05-22 17:17:25.954208	14.9000000000000004
748	Груши Анжу	perekrestok	https://static06.perekrestok.ru/src/product.file/list/image/18/30/33018.jpeg	2020-05-22 17:17:26.872251	2020-05-22 17:17:26.872251	145
749	Груши Ред Барлет	perekrestok	https://static04.perekrestok.ru/src/product.file/list/image/89/87/88789.jpeg	2020-05-22 17:17:26.885392	2020-05-22 17:17:26.885392	259
750	Груши Пакхам	perekrestok	https://static03.perekrestok.ru/src/product.file/list/image/96/89/168996.jpeg	2020-05-22 17:17:26.896088	2020-05-22 17:17:26.896088	155
751	Груши Конференс	perekrestok	https://static05.perekrestok.ru/src/product.file/list/image/74/96/159674.jpeg	2020-05-22 17:17:26.905857	2020-05-22 17:17:26.905857	209
752	Груши Форелл	perekrestok	https://static00.perekrestok.ru/src/product.file/list/image/95/16/151695.jpeg	2020-05-22 17:17:26.922605	2020-05-22 17:17:26.922605	189
753	Лук зеленый 100г упаковка	perekrestok	https://static00.perekrestok.ru/src/product.file/list/image/37/78/27837.jpeg	2020-05-22 17:17:28.549623	2020-05-22 17:17:28.549623	63.8999999999999986
754	Лук зеленый 50г упаковка	perekrestok	https://static00.perekrestok.ru/src/product.file/list/image/63/92/169263.jpeg	2020-05-22 17:17:28.56112	2020-05-22 17:17:28.56112	51.8999999999999986
594	Сыр Hochland Фетакса плавленый 45% 400г	perekrestok	https://static07.perekrestok.ru/src/product.file/list/image/00/97/99700.jpeg	2020-05-22 17:15:42.122664	2020-05-22 17:15:42.122664	239
595	Сыр плавленый Hochland Фетакса 45% 200г	perekrestok	https://static03.perekrestok.ru/src/product.file/list/image/07/85/108507.jpeg	2020-05-22 17:15:42.134382	2020-05-22 17:15:42.134382	135
596	Сыр Ешь Деревенское от Максима Селиванова Греческая Фета в пряно-масляной заливке 30% 180г	perekrestok	https://static02.perekrestok.ru/src/product.file/list/image/23/77/107723.jpeg	2020-05-22 17:15:42.147071	2020-05-22 17:15:42.147071	319
597	Сыр Ешь Деревенское от Максима Селиванова Греческая Фета 30% 190г	perekrestok	https://static03.perekrestok.ru/src/product.file/list/image/15/77/107715.jpeg	2020-05-22 17:15:42.156598	2020-05-22 17:15:42.156598	135
598	Сыр плавленый Hochland Фетакса с маслинами и паприкой 45% 200г	perekrestok	https://static05.perekrestok.ru/src/product.file/list/image/68/02/160268.jpeg	2020-05-22 17:15:42.173393	2020-05-22 17:15:42.173393	135
599	Продукт рассольный Arla Apetina Soft 52.5% 250г	perekrestok	https://static07.perekrestok.ru/src/product.file/list/image/86/66/86686.jpeg	2020-05-22 17:15:42.190114	2020-05-22 17:15:42.190114	125
600	Лук репчатый красный	perekrestok	https://static02.perekrestok.ru/src/product.file/list/image/85/05/20585.jpeg	2020-05-22 17:15:49.046282	2020-05-22 17:15:49.046282	114.900000000000006
601	Лук репчатый красный 500г упаковка	perekrestok	https://static04.perekrestok.ru/src/product.file/list/image/79/26/72679.jpeg	2020-05-22 17:15:49.059533	2020-05-22 17:15:49.059533	93.9000000000000057
602	Семена Удачные семена Лук репчатый Красный салатный 0.5г	perekrestok	https://static02.perekrestok.ru/src/product.file/list/image/07/43/154307.jpeg	2020-05-22 17:15:49.072207	2020-05-22 17:15:49.072207	9.90000000000000036
603	Сыр Кабош Чеддер Красный 49% 250г	perekrestok	https://static07.perekrestok.ru/src/product.file/list/image/20/91/49120.jpeg	2020-05-22 17:15:49.087725	2020-05-22 17:15:49.087725	259
604	Йогурт Lactica Греческий Натуральный без сахара 4% 190г	perekrestok	https://static01.perekrestok.ru/src/product.file/list/image/45/09/100945.jpeg	2020-05-22 17:15:50.008634	2020-05-22 17:15:50.008634	77.9000000000000057
605	Йогурт питьевой Epica Натуральный 2.9% 290г	perekrestok	https://static08.perekrestok.ru/src/product.file/list/image/02/97/179702.jpeg	2020-05-22 17:15:50.021572	2020-05-22 17:15:50.021572	67.9000000000000057
606	Йогурт Epica Натуральный 6% 130г	perekrestok	https://static02.perekrestok.ru/src/product.file/list/image/21/82/168221.jpeg	2020-05-22 17:15:50.032349	2020-05-22 17:15:50.032349	46.8999999999999986
607	Йогурт Epica Crispy Натуральный 6% + Смесь из мюсли и сушеных ягод 140г 	perekrestok	https://static03.perekrestok.ru/src/product.file/list/image/91/49/74991.jpeg	2020-05-22 17:15:50.04174	2020-05-22 17:15:50.04174	77.9000000000000057
608	Йогурт питьевой Братья Чебурашкины Натуральный 0.5% 330мл	perekrestok	https://static05.perekrestok.ru/src/product.file/list/image/67/49/64967.jpeg	2020-05-22 17:15:50.061219	2020-05-22 17:15:50.061219	74.9000000000000057
609	Пудра сахарная Dr.Oetker со вкусом ванили 80г	perekrestok	https://static07.perekrestok.ru/src/product.file/list/image/38/99/149938.jpeg	2020-05-22 17:15:52.233708	2020-05-22 17:15:52.233708	43.8999999999999986
610	Пудра сахарная С.Пудовъ 200г	perekrestok	https://static04.perekrestok.ru/src/product.file/list/image/04/21/152104.jpeg	2020-05-22 17:15:52.244852	2020-05-22 17:15:52.244852	51.8999999999999986
611	Пудра сахарная Haas 250г	perekrestok	https://static08.perekrestok.ru/src/product.file/list/image/08/31/53108.jpeg	2020-05-22 17:15:52.254672	2020-05-22 17:15:52.254672	51.8999999999999986
612	Пудра сахарная Haas нетающая 80г	perekrestok	https://static08.perekrestok.ru/src/product.file/list/image/32/34/53432.jpeg	2020-05-22 17:15:52.263981	2020-05-22 17:15:52.263981	37.8999999999999986
613	Клюква Варварушка в сахарной пудре 150г	perekrestok	https://static01.perekrestok.ru/src/product.file/list/image/76/80/78076.jpeg	2020-05-22 17:15:52.274735	2020-05-22 17:15:52.274735	129
614	Приправа Kotanyi Шафран натуральный 0.12г	perekrestok	https://static02.perekrestok.ru/src/product.file/list/image/91/07/120791.jpeg	2020-05-22 17:15:53.326833	2020-05-22 17:15:53.326833	87.9000000000000057
615	Гель-шампунь Le Petit Marseillais Шафран и Красный апельсин 250мл	perekrestok	https://static03.perekrestok.ru/src/product.file/list/image/01/96/59601.jpeg	2020-05-22 17:15:53.338691	2020-05-22 17:15:53.338691	165.900000000000006
616	Специя Kotanyi Кардамон молотый 10г	perekrestok	https://static01.perekrestok.ru/src/product.file/list/image/13/12/121213.jpeg	2020-05-22 17:15:56.888269	2020-05-22 17:15:56.888269	87.9000000000000057
617	Кардамон Sonnentor молотый 35г	perekrestok	https://static00.perekrestok.ru/src/product.file/list/image/35/70/127035.jpeg	2020-05-22 17:15:56.937416	2020-05-22 17:15:56.937416	419
618	Булочки Коломенское Сдобные с кардамоном 200г	perekrestok	https://static02.perekrestok.ru/src/product.file/list/image/13/53/85313.jpeg	2020-05-22 17:15:56.948005	2020-05-22 17:15:56.948005	56.8999999999999986
619	Жевательная резинка Dirol X-Fresh Арбузный лед 16г	perekrestok	https://static08.perekrestok.ru/src/product.file/list/image/81/18/171881.jpeg	2020-05-22 17:15:59.756073	2020-05-22 17:15:59.756073	49.8999999999999986
620	Скраб для тела Natura Siberica Crazy Desserts Мятный лед 450мл	perekrestok	https://static04.perekrestok.ru/src/product.file/list/image/54/14/81454.jpeg	2020-05-22 17:15:59.768263	2020-05-22 17:15:59.768263	385
621	Ароматизатор автомобильный Car Freshner Елочка Черный лед	perekrestok	https://static04.perekrestok.ru/src/product.file/list/image/37/32/73237.jpeg	2020-05-22 17:15:59.778738	2020-05-22 17:15:59.778738	155
622	Лед Nice Ice для напитков 1кг	perekrestok	https://static03.perekrestok.ru/src/product.file/list/image/39/22/142239.jpeg	2020-05-22 17:15:59.787727	2020-05-22 17:15:59.787727	156.900000000000006
623	Вафли Леди Джем со вкусом кураги 250г	perekrestok	https://static07.perekrestok.ru/src/product.file/list/image/47/10/41047.jpeg	2020-05-22 17:15:59.802302	2020-05-22 17:15:59.802302	63.8999999999999986
624	Лук репчатый	perekrestok	https://static02.perekrestok.ru/src/product.file/list/image/55/94/159455.jpeg	2020-05-22 17:16:01.6756	2020-05-22 17:16:01.6756	67.9000000000000057
625	Семена Удачные семена Лук репчатый Штуттгартер Ризен 1г	perekrestok	https://static03.perekrestok.ru/src/product.file/list/image/08/43/154308.jpeg	2020-05-22 17:16:01.701279	2020-05-22 17:16:01.701279	9.90000000000000036
626	Семена Country Value Лук репчатый Кампилло F1 25шт	perekrestok	https://static08.perekrestok.ru/src/product.file/list/image/24/22/162224.jpeg	2020-05-22 17:16:01.723375	2020-05-22 17:16:01.723375	99.9000000000000057
627	Капуста Брокколи	perekrestok	https://static08.perekrestok.ru/src/product.file/list/image/97/21/162197.jpeg	2020-05-22 17:16:02.96947	2020-05-22 17:16:02.96947	379
628	Капуста брокколи ПРОСТО быстрозамороженная 900г	perekrestok	https://static03.perekrestok.ru/src/product.file/list/image/10/48/84810.jpeg	2020-05-22 17:16:02.980953	2020-05-22 17:16:02.980953	139
755	Чипсы Lays Зеленый Лук 225г	perekrestok	https://static04.perekrestok.ru/src/product.file/list/image/08/42/174208.jpeg	2020-05-22 17:17:28.597764	2020-05-22 17:17:28.597764	139.900000000000006
629	Семена Удачные семена Капуста брокколи Тонус 0.5г	perekrestok	https://static06.perekrestok.ru/src/product.file/list/image/85/41/154185.jpeg	2020-05-22 17:16:02.991261	2020-05-22 17:16:02.991261	9.90000000000000036
630	Крем-суп ФрутоНяня овощной Брокколи Цветная капуста Морковь 200мл	perekrestok	https://static05.perekrestok.ru/src/product.file/list/image/92/06/150692.jpeg	2020-05-22 17:16:03.000199	2020-05-22 17:16:03.000199	49.8999999999999986
631	Соус Santa Maria Устричный 200мл	perekrestok	https://static05.perekrestok.ru/src/product.file/list/image/84/80/38084.jpeg	2020-05-22 17:16:04.922694	2020-05-22 17:16:04.922694	239
632	Соус Pearl River Bridge Устричный 510г	perekrestok	https://static01.perekrestok.ru/src/product.file/list/image/36/00/100036.jpeg	2020-05-22 17:16:04.936644	2020-05-22 17:16:04.936644	309
633	Соус Santa Maria Устрично-Чесночный для вок блюд 150г	perekrestok	https://static02.perekrestok.ru/src/product.file/list/image/81/42/54281.jpeg	2020-05-22 17:16:04.948577	2020-05-22 17:16:04.948577	145
634	Фунчоза Sen Soy под китайским устричным соусом 125г	perekrestok	https://static01.perekrestok.ru/src/product.file/list/image/87/21/12187.jpeg	2020-05-22 17:16:04.956806	2020-05-22 17:16:04.956806	79.9000000000000057
635	Сыр Laime Пармезан 40% 200г	perekrestok	https://static07.perekrestok.ru/src/product.file/list/image/56/54/55456.jpeg	2020-05-22 17:16:10.553625	2020-05-22 17:16:10.553625	319
636	Сыр Laime Пармезан 40% 175г	perekrestok	https://static03.perekrestok.ru/src/product.file/list/image/61/54/55461.jpeg	2020-05-22 17:16:10.567689	2020-05-22 17:16:10.567689	379
637	Сыр Продлайн Пармезан 9 месяцев 40% 125г	perekrestok	https://static08.perekrestok.ru/src/product.file/list/image/69/57/175769.jpeg	2020-05-22 17:16:10.578511	2020-05-22 17:16:10.578511	339
638	Сыр Фрилайн Пармезан 6 месяцев колотый 40% 100г	perekrestok	https://static03.perekrestok.ru/src/product.file/list/image/08/80/148008.jpeg	2020-05-22 17:16:10.587313	2020-05-22 17:16:10.587313	239
639	Сыр Продлайн Пармезан 9 месяцев колотый 40% 100г	perekrestok	https://static00.perekrestok.ru/src/product.file/list/image/18/09/90918.jpeg	2020-05-22 17:16:10.599691	2020-05-22 17:16:10.599691	229
640	Соль Setra Морская крупная йодированная 500г	perekrestok	https://static02.perekrestok.ru/src/product.file/list/image/42/19/41942.jpeg	2020-05-22 17:16:11.909174	2020-05-22 17:16:11.909174	74.9000000000000057
641	Фарш Мираторг говяжий 400г	perekrestok	https://static06.perekrestok.ru/src/product.file/list/image/38/28/32838.jpeg	2020-05-22 17:16:13.035376	2020-05-22 17:16:13.035376	189
642	Фарш говяжий ВкусВилл 400г	perekrestok	https://static01.perekrestok.ru/src/product.file/list/image/22/55/145522.jpeg	2020-05-22 17:16:13.046292	2020-05-22 17:16:13.046292	184.900000000000006
643	Соус Casa Rinaldi Болоньезе томатный 350г	perekrestok	https://static01.perekrestok.ru/src/product.file/list/image/08/26/122608.jpeg	2020-05-22 17:16:14.978482	2020-05-22 17:16:14.978482	559
644	Соус Mr. Ricco Болоньезе 385г	perekrestok	https://static07.perekrestok.ru/src/product.file/list/image/20/46/134620.jpeg	2020-05-22 17:16:14.989772	2020-05-22 17:16:14.989772	93.9000000000000057
645	Соус Dolmio томатный для Болоньезе с грибами 350г	perekrestok	https://static05.perekrestok.ru/src/product.file/list/image/91/90/139091.jpeg	2020-05-22 17:16:15.002254	2020-05-22 17:16:15.002254	125
646	Соус Dolmio томатный для Болоньезе Традиционный 350г	perekrestok	https://static02.perekrestok.ru/src/product.file/list/image/88/90/139088.jpeg	2020-05-22 17:16:15.046746	2020-05-22 17:16:15.046746	125
647	Соус Dolmio томатный для Болоньезе Традиционный 500г	perekrestok	https://static00.perekrestok.ru/src/product.file/list/image/86/90/139086.jpeg	2020-05-22 17:16:15.060202	2020-05-22 17:16:15.060202	175
648	Соус Dolmio томатный для Болоньезе с грибами 500г	perekrestok	https://static01.perekrestok.ru/src/product.file/list/image/87/90/139087.jpeg	2020-05-22 17:16:15.071009	2020-05-22 17:16:15.071009	175
649	Соус Dolmio Острый томатный для Болоньезе 500г	perekrestok	https://static06.perekrestok.ru/src/product.file/list/image/35/60/106035.jpeg	2020-05-22 17:16:15.085192	2020-05-22 17:16:15.085192	185
650	Лазанья Мираторг Болоньезе с сыром в соусе Бешамель 350г	perekrestok	https://static06.perekrestok.ru/src/product.file/list/image/78/34/23478.jpeg	2020-05-22 17:16:15.09855	2020-05-22 17:16:15.09855	279
651	Лазанья Золотой петушок с соусом Болоньез 370г	perekrestok	https://static00.perekrestok.ru/src/product.file/list/image/36/06/120636.jpeg	2020-05-22 17:16:15.113651	2020-05-22 17:16:15.113651	165
652	Молоко Moloko Group пастеризованное 4-5% 1кг	perekrestok	https://static04.perekrestok.ru/src/product.file/list/image/47/06/140647.jpeg	2020-05-22 17:16:17.39638	2020-05-22 17:16:17.39638	145
653	Молоко Moloko Group Джерси пастеризованное 4.5-7% 1кг	perekrestok	https://static05.perekrestok.ru/src/product.file/list/image/48/06/140648.jpeg	2020-05-22 17:16:17.406252	2020-05-22 17:16:17.406252	155
654	Молоко Parmalat Natura Premium ультрапастеризованное 3.5% 1л	perekrestok	https://static05.perekrestok.ru/src/product.file/list/image/94/26/22694.jpeg	2020-05-22 17:16:17.415108	2020-05-22 17:16:17.415108	79.9000000000000057
655	Молоко Домик в деревне ультрапастеризованное 3.2% 950мл	perekrestok	https://static05.perekrestok.ru/src/product.file/list/image/06/54/175406.jpeg	2020-05-22 17:16:17.425003	2020-05-22 17:16:17.425003	97.9000000000000057
656	Молоко ПРОСТО ультрапастеризованное 3.2% 970мл	perekrestok	https://static08.perekrestok.ru/src/product.file/list/image/24/38/93824.jpeg	2020-05-22 17:16:17.439093	2020-05-22 17:16:17.439093	46.8999999999999986
657	Сыр Ламбер Традиционный 50% 0.4-0.6кг	perekrestok	https://static08.perekrestok.ru/src/product.file/list/image/00/50/35000.jpeg	2020-05-22 17:16:19.833794	2020-05-22 17:16:19.833794	1099
658	Сыр Маркет Перекресток Пармезан 32% 200г	perekrestok	https://static03.perekrestok.ru/src/product.file/list/image/57/55/85557.jpeg	2020-05-22 17:16:19.852349	2020-05-22 17:16:19.852349	279
659	Сыр Киприно Алтайский 50%	perekrestok	https://static03.perekrestok.ru/src/product.file/list/image/28/48/84828.jpeg	2020-05-22 17:16:19.86239	2020-05-22 17:16:19.86239	1029
660	Сыр Cheese Gallery Пармезан 32% 175г	perekrestok	https://static02.perekrestok.ru/src/product.file/list/image/71/99/129971.jpeg	2020-05-22 17:16:19.876109	2020-05-22 17:16:19.876109	289
661	Салат Дуболистный зеленый в горшке 1шт	perekrestok	https://static08.perekrestok.ru/src/product.file/list/image/63/15/21563.jpeg	2020-05-22 17:16:23.94238	2020-05-22 17:16:23.94238	87.9000000000000057
662	Салат Мизуна листовой зеленый 125г упаковка	perekrestok	https://static05.perekrestok.ru/src/product.file/list/image/16/68/116816.jpeg	2020-05-22 17:16:23.955866	2020-05-22 17:16:23.955866	155
663	Салат Месклам 125г упаковка	perekrestok	https://static01.perekrestok.ru/src/product.file/list/image/01/67/56701.jpeg	2020-05-22 17:16:24.009144	2020-05-22 17:16:24.009144	165
664	Салат Руккола 125г упаковка	perekrestok	https://static01.perekrestok.ru/src/product.file/list/image/28/71/17128.jpeg	2020-05-22 17:16:24.018693	2020-05-22 17:16:24.018693	99.9000000000000057
665	Салат листовой в горшке 1шт	perekrestok	https://static07.perekrestok.ru/src/product.file/list/image/24/72/17224.jpeg	2020-05-22 17:16:24.028495	2020-05-22 17:16:24.028495	73.9000000000000057
666	Смесь для выпечки Гарнец Белый хлеб без глютена 600г	perekrestok	https://static00.perekrestok.ru/src/product.file/list/image/27/94/149427.jpeg	2020-05-22 17:16:25.854327	2020-05-22 17:16:25.854327	146.900000000000006
667	Сухарики Клины Пшеничные со вкусом белых грибов в сметане 100г	perekrestok	https://static00.perekrestok.ru/src/product.file/list/image/24/72/37224.jpeg	2020-05-22 17:16:25.865938	2020-05-22 17:16:25.865938	77.9000000000000057
668	Шоколад Россия - щедрая душа Темный и Белый с фундуком 85г	perekrestok	https://static03.perekrestok.ru/src/product.file/list/image/53/52/155253.jpeg	2020-05-22 17:16:25.875722	2020-05-22 17:16:25.875722	49.8999999999999986
669	Шоколад Россия - Щедрая душа Темный и белый шоколад со вкусом вишни и хрустящими шариками 85г	perekrestok	https://static03.perekrestok.ru/src/product.file/list/image/71/52/155271.jpeg	2020-05-22 17:16:25.884839	2020-05-22 17:16:25.884839	49.8999999999999986
670	Соус Heinz Цезарь 230мл	perekrestok	https://static05.perekrestok.ru/src/product.file/list/image/91/59/85991.jpeg	2020-05-22 17:16:27.135976	2020-05-22 17:16:27.135976	97.9000000000000057
671	Соус Махеевъ Цезарь 200г	perekrestok	https://static01.perekrestok.ru/src/product.file/list/image/64/85/148564.jpeg	2020-05-22 17:16:27.147378	2020-05-22 17:16:27.147378	47.8999999999999986
672	Соус Calve Сырный Цезарь 230мл	perekrestok	https://static00.perekrestok.ru/src/product.file/list/image/70/59/65970.jpeg	2020-05-22 17:16:27.158031	2020-05-22 17:16:27.158031	76.9000000000000057
673	Соус Calve Сливочно-чесночный 230мл	perekrestok	https://static05.perekrestok.ru/src/product.file/list/image/66/59/65966.jpeg	2020-05-22 17:16:36.046969	2020-05-22 17:16:36.046969	75.9000000000000057
674	Соус Astoria Сливочно-чесночный 233мл	perekrestok	https://static07.perekrestok.ru/src/product.file/list/image/07/27/2707.jpeg	2020-05-22 17:16:36.070339	2020-05-22 17:16:36.070339	62.8999999999999986
675	Соус Astoria Сливочно-чесночный 100г	perekrestok	https://static00.perekrestok.ru/src/product.file/list/image/78/83/108378.jpeg	2020-05-22 17:16:36.079824	2020-05-22 17:16:36.079824	53.8999999999999986
676	Рис Мистраль Арборио белый среднезерный 500г	perekrestok	https://static07.perekrestok.ru/src/product.file/list/image/18/51/15118.jpeg	2020-05-22 17:16:37.174958	2020-05-22 17:16:37.174958	175
677	Рис Агро-Альянс Экстра Arborio Rice ризотто 500г	perekrestok	https://static03.perekrestok.ru/src/product.file/list/image/07/70/167007.jpeg	2020-05-22 17:16:37.186983	2020-05-22 17:16:37.186983	104.900000000000006
678	Бульон Gallina Blanca Куриный в кубиках 8шт*10г	perekrestok	https://static01.perekrestok.ru/src/product.file/list/image/08/46/14608.jpeg	2020-05-22 17:16:38.504992	2020-05-22 17:16:38.504992	32.8999999999999986
679	Бульон Gallina Blanca Куриный с пониженным содержанием соли в кубиках 8шт*10г	perekrestok	https://static08.perekrestok.ru/src/product.file/list/image/67/35/53567.jpeg	2020-05-22 17:16:38.598176	2020-05-22 17:16:38.598176	35.8999999999999986
680	Бульон Роллтон Куриный домашний 100г	perekrestok	https://static06.perekrestok.ru/src/product.file/list/image/21/34/53421.jpeg	2020-05-22 17:16:38.608269	2020-05-22 17:16:38.608269	39.8999999999999986
681	Бульон Knorr Куриный домашний 80г	perekrestok	https://static06.perekrestok.ru/src/product.file/list/image/34/45/174534.jpeg	2020-05-22 17:16:38.621209	2020-05-22 17:16:38.621209	47.8999999999999986
682	Вермишель Анаком с куриным бульоном 60г	perekrestok	https://static03.perekrestok.ru/src/product.file/list/image/58/51/25158.jpeg	2020-05-22 17:16:38.633832	2020-05-22 17:16:38.633832	11.9000000000000004
683	Вермишель ПРОСТО с куриным бульоном 60г	perekrestok	https://static05.perekrestok.ru/src/product.file/list/image/53/50/15053.jpeg	2020-05-22 17:16:38.646605	2020-05-22 17:16:38.646605	7.20000000000000018
684	Шампиньоны 400г упаковка	perekrestok	https://static05.perekrestok.ru/src/product.file/list/image/05/56/165605.jpeg	2020-05-22 17:16:40.70531	2020-05-22 17:16:40.70531	89.9000000000000057
685	Шампиньоны мини 300г упаковка	perekrestok	https://static08.perekrestok.ru/src/product.file/list/image/70/75/77570.jpeg	2020-05-22 17:16:40.71639	2020-05-22 17:16:40.71639	99.9000000000000057
686	Шампиньоны	perekrestok	https://static04.perekrestok.ru/src/product.file/list/image/04/56/165604.jpeg	2020-05-22 17:16:40.72602	2020-05-22 17:16:40.72602	209
687	Шампиньоны 250г упаковка	perekrestok	https://static01.perekrestok.ru/src/product.file/list/image/18/72/17218.jpeg	2020-05-22 17:16:40.736245	2020-05-22 17:16:40.736245	99.9000000000000057
688	Шампиньоны Hortex резаные быстрозамороженные 400г 	perekrestok	https://static07.perekrestok.ru/src/product.file/list/image/34/55/85534.jpeg	2020-05-22 17:16:40.749047	2020-05-22 17:16:40.749047	145
756	Чипсы Lays Зеленый Лук 150г	perekrestok	https://static01.perekrestok.ru/src/product.file/list/image/42/41/174142.jpeg	2020-05-22 17:17:28.636909	2020-05-22 17:17:28.636909	119
757	Чипсы Lays Молодой Зеленый Лук 240г	perekrestok	https://static08.perekrestok.ru/src/product.file/list/image/02/43/174302.jpeg	2020-05-22 17:17:28.652044	2020-05-22 17:17:28.652044	185
758	Чипсы Русская картошка Сметана и зеленый лук 50г	perekrestok	https://static05.perekrestok.ru/src/product.file/list/image/81/77/7781.jpeg	2020-05-22 17:17:28.661992	2020-05-22 17:17:28.661992	37.8999999999999986
759	Напиток Старые добрые традиции Тархун 500мл	perekrestok	https://static08.perekrestok.ru/src/product.file/list/image/81/21/52181.jpeg	2020-05-22 17:17:30.496574	2020-05-22 17:17:30.496574	36.8999999999999986
760	Напиток Черноголовка Тархун 2л	perekrestok	https://static00.perekrestok.ru/src/product.file/list/image/86/67/6786.jpeg	2020-05-22 17:17:30.507416	2020-05-22 17:17:30.507416	99.9000000000000057
761	Напиток Черноголовка Тархун 1л	perekrestok	https://static00.perekrestok.ru/src/product.file/list/image/92/61/6192.jpeg	2020-05-22 17:17:30.517064	2020-05-22 17:17:30.517064	97.9000000000000057
762	Напиток ПРОСТО Тархун 2л	perekrestok	https://static03.perekrestok.ru/src/product.file/list/image/19/57/85719.jpeg	2020-05-22 17:17:30.52665	2020-05-22 17:17:30.52665	24.8999999999999986
763	Сироп Royal Cane Тархун 1л	perekrestok	https://static07.perekrestok.ru/src/product.file/list/image/88/30/153088.jpeg	2020-05-22 17:17:30.535779	2020-05-22 17:17:30.535779	249
764	Сок ФрутоНяня Яблоко-черная смородина осветленный 200мл	perekrestok	https://static02.perekrestok.ru/src/product.file/list/image/23/87/98723.jpeg	2020-05-22 17:17:43.46902	2020-05-22 17:17:43.46902	35.8999999999999986
765	Мороженое Чистая Линия Щербет Черная Смородина 70г	perekrestok	https://static02.perekrestok.ru/src/product.file/list/image/15/38/33815.jpeg	2020-05-22 17:17:43.48098	2020-05-22 17:17:43.48098	67.9000000000000057
766	Мороженое Коровка из Кореновки Щербет Черная смородина 80г	perekrestok	https://static02.perekrestok.ru/src/product.file/list/image/54/54/115454.jpeg	2020-05-22 17:17:43.493716	2020-05-22 17:17:43.493716	61.8999999999999986
767	Сок Тема Яблоко-черная смородина осветленный 200мл	perekrestok	https://static02.perekrestok.ru/src/product.file/list/image/03/18/171803.jpeg	2020-05-22 17:17:43.503446	2020-05-22 17:17:43.503446	26.8999999999999986
689	Творог Искренне Ваш рассыпчатый 9% 200г	perekrestok	https://static06.perekrestok.ru/src/product.file/list/image/64/14/91464.jpeg	2020-05-22 17:16:41.832163	2020-05-22 17:16:41.832163	99.9000000000000057
690	Творог Коровка из Кореновки рассыпчатый 9% 200г	perekrestok	https://static07.perekrestok.ru/src/product.file/list/image/26/30/143026.jpeg	2020-05-22 17:16:41.846722	2020-05-22 17:16:41.846722	99.9000000000000057
691	Творог President рассыпчатый 0.2% 200г	perekrestok	https://static01.perekrestok.ru/src/product.file/list/image/65/08/180865.jpeg	2020-05-22 17:16:41.858756	2020-05-22 17:16:41.858756	114.900000000000006
692	Продукт творожный Снеда Домашний рассыпчатый 12% 500г	perekrestok	https://static07.perekrestok.ru/src/product.file/list/image/28/95/19528.jpeg	2020-05-22 17:16:41.875119	2020-05-22 17:16:41.875119	155
693	Творог President рассыпчатый 9% 200г	perekrestok	https://static06.perekrestok.ru/src/product.file/list/image/61/08/180861.jpeg	2020-05-22 17:16:41.891006	2020-05-22 17:16:41.891006	125
694	Творог Простоквашино рассыпчатый обезжиренный 0.2% 250г	perekrestok	https://static01.perekrestok.ru/src/product.file/list/image/43/58/175843.jpeg	2020-05-22 17:16:41.904281	2020-05-22 17:16:41.904281	112.900000000000006
695	Творог Коровка из Кореновки Обезжиренный рассыпчатый 0% 200г	perekrestok	https://static03.perekrestok.ru/src/product.file/list/image/09/16/141609.jpeg	2020-05-22 17:16:41.915836	2020-05-22 17:16:41.915836	93.9000000000000057
696	Крупа Националь Манная 800г	perekrestok	https://static03.perekrestok.ru/src/product.file/list/image/44/19/31944.jpeg	2020-05-22 17:16:43.277151	2020-05-22 17:16:43.277151	51.8999999999999986
697	Крупа Манная 900г	perekrestok	https://static06.perekrestok.ru/src/product.file/list/image/40/90/29040.jpeg	2020-05-22 17:16:43.288495	2020-05-22 17:16:43.288495	35.8999999999999986
698	Крупа Алтайская Сказка Манная с клетчаткой 550г	perekrestok	https://static08.perekrestok.ru/src/product.file/list/image/46/11/51146.jpeg	2020-05-22 17:16:43.298777	2020-05-22 17:16:43.298777	49.8999999999999986
699	Крупа Мистраль Манная 800г	perekrestok	https://static00.perekrestok.ru/src/product.file/list/image/43/65/96543.jpeg	2020-05-22 17:16:43.307754	2020-05-22 17:16:43.307754	71.9000000000000057
700	Крупа Мистраль Семолина манная 450г	perekrestok	https://static06.perekrestok.ru/src/product.file/list/image/37/48/114837.jpeg	2020-05-22 17:16:43.320344	2020-05-22 17:16:43.320344	99.9000000000000057
701	Молоко Простоквашино ультрапастеризованное 3.2% 950мл	perekrestok	https://static03.perekrestok.ru/src/product.file/list/image/80/83/118380.jpeg	2020-05-22 17:16:44.450898	2020-05-22 17:16:44.450898	59.8999999999999986
702	Ванилин Haas пищевой 1.5г	perekrestok	https://static03.perekrestok.ru/src/product.file/list/image/73/33/53373.jpeg	2020-05-22 17:16:47.404068	2020-05-22 17:16:47.404068	4.90000000000000036
703	Ароматизатор Dr.Oetker Ванилин-интенсив пищевой 2г	perekrestok	https://static03.perekrestok.ru/src/product.file/list/image/23/42/104223.jpeg	2020-05-22 17:16:47.41498	2020-05-22 17:16:47.41498	9.90000000000000036
704	Сырок глазированный Свитлогорье с ванилином 26% 50г	perekrestok	https://static07.perekrestok.ru/src/product.file/list/image/66/92/29266.jpeg	2020-05-22 17:16:47.424729	2020-05-22 17:16:47.424729	33.8999999999999986
705	Сырок глазированный Ростагроэкспорт с ванилином 5% 45г	perekrestok	https://static06.perekrestok.ru/src/product.file/list/image/70/14/31470.jpeg	2020-05-22 17:16:47.436388	2020-05-22 17:16:47.436388	19.8999999999999986
706	Сырок творожный Ростагроэкспорт с ванилином 16.5% 90г	perekrestok	https://static06.perekrestok.ru/src/product.file/list/image/79/28/72879.jpeg	2020-05-22 17:16:47.451177	2020-05-22 17:16:47.451177	35.8999999999999986
707	Капуста Китайская 0.5-0.9кг	perekrestok	https://static03.perekrestok.ru/src/product.file/list/image/87/99/159987.jpeg	2020-05-22 17:16:48.587783	2020-05-22 17:16:48.587783	145
708	Майонез Московский Провансаль Классический 67% 220мл	perekrestok	https://static00.perekrestok.ru/src/product.file/list/image/95/39/13995.jpeg	2020-05-22 17:16:49.711558	2020-05-22 17:16:49.711558	41.8999999999999986
709	Майонез Слобода Оливковый 67% 800мл	perekrestok	https://static02.perekrestok.ru/src/product.file/list/image/02/20/162002.jpeg	2020-05-22 17:16:49.722134	2020-05-22 17:16:49.722134	145
710	Майонез Скит Провансаль 67% 675мл	perekrestok	https://static05.perekrestok.ru/src/product.file/list/image/50/26/12650.jpeg	2020-05-22 17:16:49.77997	2020-05-22 17:16:49.77997	105
711	Майонез Mr. Ricco на перепелином яйце 67% 800мл	perekrestok	https://static03.perekrestok.ru/src/product.file/list/image/83/98/29883.jpeg	2020-05-22 17:16:49.790777	2020-05-22 17:16:49.790777	137.900000000000006
712	Соус Sen Soy Классический соевый 250мл	perekrestok	https://static08.perekrestok.ru/src/product.file/list/image/59/30/3059.jpeg	2020-05-22 17:16:51.643925	2020-05-22 17:16:51.643925	57.8999999999999986
713	Соус Kikkoman соевый натурального брожения 500мл	perekrestok	https://static00.perekrestok.ru/src/product.file/list/image/02/26/82602.jpeg	2020-05-22 17:16:51.656672	2020-05-22 17:16:51.656672	469
714	Соус Kikkoman соевый натурального брожения 150мл	perekrestok	https://static00.perekrestok.ru/src/product.file/list/image/79/29/2979.jpeg	2020-05-22 17:16:51.666842	2020-05-22 17:16:51.666842	209
715	Соус Heinz Соевый Классический 635мл	perekrestok	https://static02.perekrestok.ru/src/product.file/list/image/25/59/85925.jpeg	2020-05-22 17:16:51.675797	2020-05-22 17:16:51.675797	219.900000000000006
716	Соус Чим Чим Hot Asia для приготовления курицы терияки 150г	perekrestok	https://static05.perekrestok.ru/src/product.file/list/image/14/44/14414.jpeg	2020-05-22 17:16:51.688773	2020-05-22 17:16:51.688773	99.9000000000000057
717	Соус Стебель Бамбука Карри пряный 300г	perekrestok	https://static05.perekrestok.ru/src/product.file/list/image/57/14/61457.jpeg	2020-05-22 17:16:54.618057	2020-05-22 17:16:54.618057	93.9000000000000057
718	Соус Стебель Бамбука Карри 280г	perekrestok	https://static03.perekrestok.ru/src/product.file/list/image/24/76/27624.jpeg	2020-05-22 17:16:54.630256	2020-05-22 17:16:54.630256	55.8999999999999986
719	Паста Aroy-D Карри желтая 400г	perekrestok	https://static07.perekrestok.ru/src/product.file/list/image/44/87/118744.jpeg	2020-05-22 17:16:54.64123	2020-05-22 17:16:54.64123	469
720	Паста Aroy-D Карри зеленая 400г	perekrestok	https://static04.perekrestok.ru/src/product.file/list/image/50/87/118750.jpeg	2020-05-22 17:16:54.654645	2020-05-22 17:16:54.654645	469
721	Приправа Kotanyi Карри 27г	perekrestok	https://static01.perekrestok.ru/src/product.file/list/image/00/07/120700.jpeg	2020-05-22 17:16:54.669005	2020-05-22 17:16:54.669005	53.8999999999999986
722	Треска Borealis филе блочное замороженное 750г	perekrestok	https://static07.perekrestok.ru/src/product.file/list/image/91/90/159091.jpeg	2020-05-22 17:16:56.059635	2020-05-22 17:16:56.059635	619
723	Треска Agama филе лойн свежемороженое 400г	perekrestok	https://static08.perekrestok.ru/src/product.file/list/image/26/60/126026.jpeg	2020-05-22 17:16:56.068066	2020-05-22 17:16:56.068066	539
724	Треска Бухта изобилия филе замороженное 700г	perekrestok	https://static08.perekrestok.ru/src/product.file/list/image/96/57/85796.jpeg	2020-05-22 17:16:56.078432	2020-05-22 17:16:56.078432	439
725	Треска Ла Маре филе без кожи охлажденное 0.4-0.8кг	perekrestok	https://static05.perekrestok.ru/src/product.file/list/image/33/29/62933.jpeg	2020-05-22 17:16:56.08958	2020-05-22 17:16:56.08958	869
726	Треска Бухта изобилия филе замороженное 400г	perekrestok	https://static00.perekrestok.ru/src/product.file/list/image/70/42/144270.jpeg	2020-05-22 17:16:56.099887	2020-05-22 17:16:56.099887	309
727	Треска Ла Маре филе на коже охлажденное 0.4-0.8кг	perekrestok	https://static00.perekrestok.ru/src/product.file/list/image/41/91/39141.jpeg	2020-05-22 17:16:56.112317	2020-05-22 17:16:56.112317	759
728	Треугольники тресковые Polar в панировке 600г	perekrestok	https://static08.perekrestok.ru/src/product.file/list/image/29/52/85229.jpeg	2020-05-22 17:16:56.149997	2020-05-22 17:16:56.149997	125
729	Треска Ла Маре стейк охлажденный 0.6-0.9кг	perekrestok	https://static04.perekrestok.ru/src/product.file/list/image/54/91/39154.jpeg	2020-05-22 17:16:56.159014	2020-05-22 17:16:56.159014	629
730	Кислота лимонная Haas 250г	perekrestok	https://static08.perekrestok.ru/src/product.file/list/image/60/99/29960.jpeg	2020-05-22 17:17:03.653536	2020-05-22 17:17:03.653536	135
402	Масло сладко-сливочное ПРОСТО Крестьянское 72.5% 175г	perekrestok	https://static01.perekrestok.ru/src/product.file/list/image/08/11/91108.jpeg	2020-05-22 17:13:18.703795	2020-05-22 17:13:18.703795	85.9000000000000057
403	Масло Киприно Алтайское 82% 180г	perekrestok	https://static01.perekrestok.ru/src/product.file/list/image/84/84/138484.jpeg	2020-05-22 17:13:18.749161	2020-05-22 17:13:18.749161	209
404	Масло сладко-сливочное Тысяча Озер 82.5% 400г	perekrestok	https://static07.perekrestok.ru/src/product.file/list/image/02/46/134602.jpeg	2020-05-22 17:13:18.790599	2020-05-22 17:13:18.790599	369
405	Масло сливочное Простоквашино 82% 180г	perekrestok	https://static04.perekrestok.ru/src/product.file/list/image/54/83/118354.jpeg	2020-05-22 17:13:18.83659	2020-05-22 17:13:18.83659	163.900000000000006
406	Масло сладко-сливочное Тысяча Озер 82.5% 180г	perekrestok	https://static01.perekrestok.ru/src/product.file/list/image/38/81/178138.jpeg	2020-05-22 17:13:18.88654	2020-05-22 17:13:18.88654	165
407	Хлопья Русский Продукт Геркулес Традиционный овсяные 500г	perekrestok	https://static05.perekrestok.ru/src/product.file/list/image/71/75/37571.jpeg	2020-05-22 17:13:21.64168	2020-05-22 17:13:21.64168	58.8999999999999986
408	Хлопья Русский Продукт Геркулес быстрого приготовления овсяные 420г	perekrestok	https://static07.perekrestok.ru/src/product.file/list/image/48/35/53548.jpeg	2020-05-22 17:13:21.656248	2020-05-22 17:13:21.656248	39.8999999999999986
409	Хлопья Геркулес овсяные Экстра 1кг	perekrestok	https://static03.perekrestok.ru/src/product.file/list/image/58/97/19758.jpeg	2020-05-22 17:13:21.666491	2020-05-22 17:13:21.666491	145
410	Хлопья Русский Продукт Геркулес Монастырский овсяные 500г	perekrestok	https://static03.perekrestok.ru/src/product.file/list/image/24/75/37524.jpeg	2020-05-22 17:13:21.679793	2020-05-22 17:13:21.679793	65.9000000000000057
411	Хлопья Ясно солнышко Овсяные №2 500г	perekrestok	https://static08.perekrestok.ru/src/product.file/list/image/75/74/37475.jpeg	2020-05-22 17:13:21.691843	2020-05-22 17:13:21.691843	57.8999999999999986
412	Гуябано Filipino Sun Сметанное яблоко сушеное 100г	perekrestok	https://static03.perekrestok.ru/src/product.file/list/image/14/64/156414.jpeg	2020-05-22 17:13:23.568682	2020-05-22 17:13:23.568682	185
413	Яблоко сушеное Экофермер без кожуры без глютена 75г	perekrestok	https://static00.perekrestok.ru/src/product.file/list/image/28/47/64728.jpeg	2020-05-22 17:13:23.58122	2020-05-22 17:13:23.58122	195
414	Яблоко сушеное Экофермер с корицей без глютена 75г	perekrestok	https://static07.perekrestok.ru/src/product.file/list/image/20/53/65320.jpeg	2020-05-22 17:13:23.592138	2020-05-22 17:13:23.592138	209
415	Яблоки Гала	perekrestok	https://static06.perekrestok.ru/src/product.file/list/image/01/17/151701.jpeg	2020-05-22 17:13:23.601377	2020-05-22 17:13:23.601377	155
416	Яблоки Микс 	perekrestok	https://static01.perekrestok.ru/src/product.file/list/image/63/57/165763.jpeg	2020-05-22 17:13:23.61562	2020-05-22 17:13:23.61562	119.900000000000006
417	Корица Dr.Oetker молотая 8г	perekrestok	https://static03.perekrestok.ru/src/product.file/list/image/57/95/49557.jpeg	2020-05-22 17:13:29.32743	2020-05-22 17:13:29.32743	28.8999999999999986
418	Корица Kotanyi молотая 25г	perekrestok	https://static03.perekrestok.ru/src/product.file/list/image/02/07/120702.jpeg	2020-05-22 17:13:29.366693	2020-05-22 17:13:29.366693	49.8999999999999986
419	Корица Santa Maria Органик молотая 17г	perekrestok	https://static02.perekrestok.ru/src/product.file/list/image/95/25/82595.jpeg	2020-05-22 17:13:29.405463	2020-05-22 17:13:29.405463	83.9000000000000057
420	Корица Sonnentor молотая цейлонская 40г	perekrestok	https://static00.perekrestok.ru/src/product.file/list/image/08/63/106308.jpeg	2020-05-22 17:13:29.453892	2020-05-22 17:13:29.453892	419
421	Корица Santa Maria молотая 17г	perekrestok	https://static01.perekrestok.ru/src/product.file/list/image/74/89/98974.jpeg	2020-05-22 17:13:29.490275	2020-05-22 17:13:29.490275	65.9000000000000057
422	Соль 4Life Морская йодированная мелкая 1кг	perekrestok	https://static02.perekrestok.ru/src/product.file/list/image/87/57/25787.jpeg	2020-05-22 17:13:31.513089	2020-05-22 17:13:31.513089	97.9000000000000057
423	Соль Салина поваренная пищевая каменная 1кг	perekrestok	https://static03.perekrestok.ru/src/product.file/list/image/87/22/22287.jpeg	2020-05-22 17:13:31.52547	2020-05-22 17:13:31.52547	23.8999999999999986
424	Соль Экстра выварочная йодированная 500г	perekrestok	https://static05.perekrestok.ru/src/product.file/list/image/38/55/25538.jpeg	2020-05-22 17:13:31.53736	2020-05-22 17:13:31.53736	43.8999999999999986
425	Соль 4Life Морская йодированная мелкая 250г	perekrestok	https://static01.perekrestok.ru/src/product.file/list/image/47/85/48547.jpeg	2020-05-22 17:13:31.551538	2020-05-22 17:13:31.551538	81.9000000000000057
426	Соль Setra Розовая гималайская мелкая 500г	perekrestok	https://static08.perekrestok.ru/src/product.file/list/image/37/07/180737.jpeg	2020-05-22 17:13:31.567047	2020-05-22 17:13:31.567047	93.9000000000000057
427	Сахар песок белый 1кг	perekrestok	https://static03.perekrestok.ru/src/product.file/list/image/11/57/165711.jpeg	2020-05-22 17:13:33.486741	2020-05-22 17:13:33.486741	34.8999999999999986
428	Сахар песок белый 5кг	perekrestok	https://static07.perekrestok.ru/src/product.file/list/image/99/95/29599.jpeg	2020-05-22 17:13:33.498702	2020-05-22 17:13:33.498702	175
429	Сахар Dr.Oetker Ванильный 8г	perekrestok	https://static03.perekrestok.ru/src/product.file/list/image/84/23/42384.jpeg	2020-05-22 17:13:33.510402	2020-05-22 17:13:33.510402	5.90000000000000036
430	Сахар Dr.Oetker Ванильный с натуральной ванилью 15г	perekrestok	https://static03.perekrestok.ru/src/product.file/list/image/15/51/5115.jpeg	2020-05-22 17:13:33.519881	2020-05-22 17:13:33.519881	26.8999999999999986
431	Сахар Советский Экстра 1кг	perekrestok	https://static03.perekrestok.ru/src/product.file/list/image/51/45/64551.jpeg	2020-05-22 17:13:33.533488	2020-05-22 17:13:33.533488	45.8999999999999986
768	Творог детский Агуша Иммунити Малина-черная смородина-шиповник 3.8% 100г	perekrestok	https://static06.perekrestok.ru/src/product.file/list/image/39/77/77739.jpeg	2020-05-22 17:17:43.518243	2020-05-22 17:17:43.518243	29.8999999999999986
769	Орегано 30г упаковка	perekrestok	https://static02.perekrestok.ru/src/product.file/list/image/28/31/63128.jpeg	2020-05-22 17:17:44.72048	2020-05-22 17:17:44.72048	145
770	Лавровый лист ПРОСТО 10г	perekrestok	https://static01.perekrestok.ru/src/product.file/list/image/00/47/84700.jpeg	2020-05-22 17:17:48.498851	2020-05-22 17:17:48.498851	9.90000000000000036
771	Лист лавровый Маркет Перекресток целый 5г	perekrestok	https://static04.perekrestok.ru/src/product.file/list/image/68/14/121468.jpeg	2020-05-22 17:17:48.512206	2020-05-22 17:17:48.512206	41.8999999999999986
772	Лист лавровый Santa Maria 3г	perekrestok	https://static05.perekrestok.ru/src/product.file/list/image/60/89/98960.jpeg	2020-05-22 17:17:48.521201	2020-05-22 17:17:48.521201	65.9000000000000057
773	Кинза Премиум 100г упаковка	perekrestok	https://static04.perekrestok.ru/src/product.file/list/image/41/78/27841.jpeg	2020-05-22 17:17:49.869126	2020-05-22 17:17:49.869126	119
774	Кинза 30г упаковка	perekrestok	https://static01.perekrestok.ru/src/product.file/list/image/47/78/27847.jpeg	2020-05-22 17:17:49.888689	2020-05-22 17:17:49.888689	53.8999999999999986
775	Форель Своя рыбка слабосоленая филе-кусок 200г	perekrestok	https://static06.perekrestok.ru/src/product.file/list/image/34/48/144834.jpeg	2020-05-22 17:17:52.775983	2020-05-22 17:17:52.775983	329
776	Минтай Borealis филе блочное свежемороженое 750г	perekrestok	https://static07.perekrestok.ru/src/product.file/list/image/43/47/74743.jpeg	2020-05-22 17:17:52.787162	2020-05-22 17:17:52.787162	463
777	Форель Русское море филе-кусок слабосоленая 300г	perekrestok	https://static03.perekrestok.ru/src/product.file/list/image/52/63/146352.jpeg	2020-05-22 17:17:52.796744	2020-05-22 17:17:52.796744	599
778	Сельдь Матиас Оригинал филе 400г	perekrestok	https://static08.perekrestok.ru/src/product.file/list/image/84/98/69884.jpeg	2020-05-22 17:17:52.817589	2020-05-22 17:17:52.817589	169.900000000000006
779	Шпинат Белая Дача 75г	perekrestok	https://static01.perekrestok.ru/src/product.file/list/image/18/99/19918.jpeg	2020-05-22 17:18:04.56923	2020-05-22 17:18:04.56923	175
780	Шпинат мини 125г упаковка 	perekrestok	https://static02.perekrestok.ru/src/product.file/list/image/29/71/17129.jpeg	2020-05-22 17:18:04.582324	2020-05-22 17:18:04.582324	155
781	Шпинат Hortex размельченный быстрозамороженный 400г	perekrestok	https://static08.perekrestok.ru/src/product.file/list/image/57/84/28457.jpeg	2020-05-22 17:18:04.592946	2020-05-22 17:18:04.592946	135
782	Шпинат Мираторг листовой быстрозамороженный 400г	perekrestok	https://static03.perekrestok.ru/src/product.file/list/image/18/75/97518.jpeg	2020-05-22 17:18:04.603707	2020-05-22 17:18:04.603707	249
783	Смесь салатная Белая Дача Микс Руккола Мангольд Шпинат 65г	perekrestok	https://static07.perekrestok.ru/src/product.file/list/image/32/14/61432.jpeg	2020-05-22 17:18:04.619909	2020-05-22 17:18:04.619909	175
784	Перец ПРОСТО черный горошек 15г	perekrestok	https://static05.perekrestok.ru/src/product.file/list/image/95/46/84695.jpeg	2020-05-22 17:18:06.240853	2020-05-22 17:18:06.240853	9.90000000000000036
785	Перец Маркет Перекресток черный 50г	perekrestok	https://static08.perekrestok.ru/src/product.file/list/image/49/71/147149.jpeg	2020-05-22 17:18:06.261058	2020-05-22 17:18:06.261058	155
786	Перец Ellatika красный фаршированный сыром 210г	perekrestok	https://static07.perekrestok.ru/src/product.file/list/image/83/82/48283.jpeg	2020-05-22 17:18:08.723128	2020-05-22 17:18:08.723128	311
787	Семена Русский Огород Перец острый Красный Толстяк 0.3г	perekrestok	https://static05.perekrestok.ru/src/product.file/list/image/37/60/166037.jpeg	2020-05-22 17:18:08.734406	2020-05-22 17:18:08.734406	9.90000000000000036
788	Перец ПРОСТО красный молотый 15г	perekrestok	https://static07.perekrestok.ru/src/product.file/list/image/97/46/84697.jpeg	2020-05-22 17:18:08.744111	2020-05-22 17:18:08.744111	12.9000000000000004
789	Перец Capo di Gusto красный молотый 25г	perekrestok	https://static07.perekrestok.ru/src/product.file/list/image/80/52/105280.jpeg	2020-05-22 17:18:08.753267	2020-05-22 17:18:08.753267	9.90000000000000036
790	Лазанья Мираторг с сыром и ветчиной 350г	perekrestok	https://static04.perekrestok.ru/src/product.file/list/image/62/72/57262.jpeg	2020-05-22 17:18:10.223131	2020-05-22 17:18:10.223131	159.900000000000006
791	Лазанья Золотой петушок Мясная 370г	perekrestok	https://static03.perekrestok.ru/src/product.file/list/image/39/06/120639.jpeg	2020-05-22 17:18:10.261368	2020-05-22 17:18:10.261368	165
792	Лазанья Маркет Перекресток Болоньезе с говядиной 350г	perekrestok	https://static04.perekrestok.ru/src/product.file/list/image/59/71/97159.jpeg	2020-05-22 17:18:10.272515	2020-05-22 17:18:10.272515	185
793	Лазанья Perfetto Болоньезе 350г	perekrestok	https://static06.perekrestok.ru/src/product.file/list/image/51/06/120651.jpeg	2020-05-22 17:18:10.285582	2020-05-22 17:18:10.285582	219
794	Капуста цветная ПРОСТО быстрозамороженная 900г	perekrestok	https://static00.perekrestok.ru/src/product.file/list/image/32/50/85032.jpeg	2020-05-22 17:44:04.3836	2020-05-22 17:44:04.3836	110
795	Капуста брюссельская Hortex быстрозамороженная 400г	perekrestok	https://static05.perekrestok.ru/src/product.file/list/image/94/69/46994.jpeg	2020-05-22 17:44:04.449989	2020-05-22 17:44:04.449989	135
796	Цветная капуста 0.5-1.3кг	perekrestok	https://static05.perekrestok.ru/src/product.file/list/image/71/99/159971.jpeg	2020-05-22 17:44:04.480096	2020-05-22 17:44:04.480096	189.900000000000006
797	Салат Белая дача Капуста белокочанная 250г	perekrestok	https://static06.perekrestok.ru/src/product.file/list/image/37/88/78837.jpeg	2020-05-22 17:44:04.510572	2020-05-22 17:44:04.510572	71.9000000000000057
798	Сельдь Русское море Исландка филе-кусочки в красном вине 115г	perekrestok	https://static03.perekrestok.ru/src/product.file/list/image/97/84/118497.jpeg	2020-05-22 17:44:06.723111	2020-05-22 17:44:06.723111	99.9000000000000057
799	Масло РЭП сливочное сладко-сливочное, ГОСТ 82,5%, без змж	lenta	https://lenta.gcdn.co/globalassets/1/-/06/15/59/176506.png?preset=thumbnail	2020-05-22 17:44:45.143821	2020-05-22 17:44:45.143821	357.889999999999986
800	Масло ARLA NATURA сливочное 82% без змж	lenta	https://lenta.gcdn.co/globalassets/1/-/50/98/64/188548.png?preset=thumbnail	2020-05-22 17:44:45.187161	2020-05-22 17:44:45.187161	347.389999999999986
801	Масло ANCHOR сливочное 82% без змж	lenta	https://lenta.gcdn.co/globalassets/1/-/48/222/32/261043.png?preset=thumbnail	2020-05-22 17:44:45.222497	2020-05-22 17:44:45.222497	284.29000000000002
802	Хлопья ЛЕНТА Овсяные	lenta	https://lenta.gcdn.co/globalassets/1/-/20/62/84/179771.png?preset=thumbnail	2020-05-22 17:44:47.699469	2020-05-22 17:44:47.699469	78.9899999999999949
803	Хлопья АГРО-АЛЬЯНС Геркулес	lenta	https://lenta.gcdn.co/globalassets/1/-/46/45/45/25935.png?preset=thumbnail	2020-05-22 17:44:47.71342	2020-05-22 17:44:47.71342	47.2899999999999991
804	Хлопья ЯСНО СОЛНЫШКО Гречневые	lenta	https://lenta.gcdn.co/globalassets/1/-/09/74/56/227542.png?preset=thumbnail	2020-05-22 17:44:47.724908	2020-05-22 17:44:47.724908	97.8900000000000006
805	Смоква БЕЛЕВСКИЕ СЛАДОСТИ Яблоко	lenta	https://lenta.gcdn.co/globalassets/1/-/45/17/04/46951.png?preset=thumbnail	2020-05-22 17:44:48.627213	2020-05-22 17:44:48.627213	52.6899999999999977
806	Сок RICH Яблоко ПЭТ	lenta	https://lenta.gcdn.co/globalassets/1/-/49/45/35/112527.png?preset=thumbnail	2020-05-22 17:44:48.640392	2020-05-22 17:44:48.640392	58.990000000000002
807	Очиститель стекол EXPERT яблоко 500мл	lenta	https://lenta.gcdn.co/globalassets/1/-/04/702/00/125636.png?preset=thumbnail	2020-05-22 17:44:48.651071	2020-05-22 17:44:48.651071	113.689999999999998
808	Пряность ПАРФЭ Корица палочки	lenta	https://lenta.gcdn.co/globalassets/1/-/31/02/11/249274.png?preset=thumbnail	2020-05-22 17:45:40.744642	2020-05-22 17:45:40.744642	63.1899999999999977
809	Корица KAMIS молотая д/выпечки	lenta	https://lenta.gcdn.co/globalassets/1/-/42/86/63/161628.png?preset=thumbnail	2020-05-22 17:45:40.787018	2020-05-22 17:45:40.787018	50.5900000000000034
810	Пряность КОРОЛЕВСКАЯ КОЛЛЕКЦИЯ Бадьян	lenta	https://lenta.gcdn.co/globalassets/1/-/51/58/35/228770.png?preset=thumbnail	2020-05-22 17:45:40.820324	2020-05-22 17:45:40.820324	53.6899999999999977
811	Соль ПОЛЕСЬЕ Экстра п/эт пищевая выварочная	lenta	https://lenta.gcdn.co/globalassets/1/-/08/60/52/76726.png?preset=thumbnail	2020-05-22 17:45:41.779401	2020-05-22 17:45:41.779401	17.8900000000000006
812	Соль ЗИМУШКА-КРАСА пищевая морск.мёртв.моря сред.помол пл банка	lenta	https://lenta.gcdn.co/globalassets/1/-/39/19/52/25824.png?preset=thumbnail	2020-05-22 17:45:41.808519	2020-05-22 17:45:41.808519	59.6899999999999977
813	Соль ТЫРЕТСКИЙ СОЛЕРУДНИК пищевая поваренная каменная в/с помол	lenta	https://lenta.gcdn.co/globalassets/1/-/33/84/73/131676.png?preset=thumbnail	2020-05-22 17:45:41.824489	2020-05-22 17:45:41.824489	16.8900000000000006
814	Сахарный песок 365 ДНЕЙ Прессованный СВ ТС 1	lenta	https://lenta.gcdn.co/globalassets/1/-/05/57/84/222379.png?preset=thumbnail	2020-05-22 17:45:42.43153	2020-05-22 17:45:42.43153	63.1899999999999977
815	Песок FIORY д/птиц Grit Lemon лимон	lenta	https://lenta.gcdn.co/globalassets/1/-/48/28/77/258395.png?preset=thumbnail	2020-05-22 17:45:42.444129	2020-05-22 17:45:42.444129	178.949999999999989
816	Сахар ЧУТОЧКА тростниковый кусковой колотый	lenta	https://lenta.gcdn.co/globalassets/1/-/46/56/67/246766.png?preset=thumbnail	2020-05-22 17:45:42.454906	2020-05-22 17:45:42.454906	159.389999999999986
817	Мед БЕРЕСТОВ А.С. Майский Избранное ст/б	lenta	https://lenta.gcdn.co/globalassets/1/-/18/49/22/77905.png?preset=thumbnail	2020-05-22 17:45:53.367346	2020-05-22 17:45:53.367346	528.490000000000009
818	Мед 365 ДНЕЙ натуральный цветочный	lenta	https://lenta.gcdn.co/globalassets/1/-/33/52/13/28642.png?preset=thumbnail	2020-05-22 17:45:53.402062	2020-05-22 17:45:53.402062	42.1899999999999977
819	Мед РАЗНОТРАВИЕ натуральный	lenta	https://lenta.gcdn.co/globalassets/1/-/38/79/05/116131.png?preset=thumbnail	2020-05-22 17:45:53.429593	2020-05-22 17:45:53.429593	159.189999999999998
833	Творог САВУШКИН ПРОДУКТ 101 зерно+сливки клубника 5% без змж	lenta	https://lenta.gcdn.co/globalassets/1/-/28/04/31/233141.png?preset=thumbnail	2020-05-22 17:46:03.799732	2020-05-22 17:46:03.799732	64.2900000000000063
834	Творог ВКУСНОТЕЕВО 0,5% без змж	lenta	https://lenta.gcdn.co/globalassets/1/-/36/57/49/11487.png?preset=thumbnail	2020-05-22 17:46:03.8149	2020-05-22 17:46:03.8149	256.589999999999975
835	Яйцо куриное ВОЛЖАНИН Волжское утро С1	lenta	https://lenta.gcdn.co/globalassets/1/-/52/28/79/264051.png?preset=thumbnail	2020-05-22 17:46:04.766597	2020-05-22 17:46:04.766597	199.990000000000009
821	Камбала б/г потр охл вес	lenta	https://lenta.gcdn.co/globalassets/1/-/15/48/49/241591.png?preset=thumbnail	2020-05-22 17:45:55.622773	2020-05-22 17:45:55.622773	347.389999999999986
836	Яйцо куриное СИНЯВИНСКОЕ от молодой курочки С2	lenta	https://lenta.gcdn.co/globalassets/1/-/45/48/09/159306.png?preset=thumbnail	2020-05-22 17:46:04.779673	2020-05-22 17:46:04.779673	63.1899999999999977
822	Свекла вареная целая в/у	lenta	https://lenta.gcdn.co/globalassets/1/-/29/99/14/62178.png?preset=thumbnail	2020-05-22 17:45:56.496263	2020-05-22 17:45:56.496263	42.1899999999999977
837	Яйцо куриное ВОЛЖАНИН Волжское утро С1	lenta	https://lenta.gcdn.co/globalassets/1/-/36/96/02/159287.png?preset=thumbnail	2020-05-22 17:46:04.790203	2020-05-22 17:46:04.790203	136.889999999999986
823	Свекла мытая п/э	lenta	https://lenta.gcdn.co/globalassets/1/-/02/34/38/263573.png?preset=thumbnail	2020-05-22 17:45:56.520108	2020-05-22 17:45:56.520108	39.990000000000002
824	Освежитель воздуха AIRWICK Pure солнечный цитрус	lenta	https://lenta.gcdn.co/globalassets/1/-/38/39/01/262141.png?preset=thumbnail	2020-05-22 17:45:57.504021	2020-05-22 17:45:57.504021	278.79000000000002
825	Освежитель воздуха 365 ДНЕЙ Цитрус	lenta	https://lenta.gcdn.co/globalassets/1/-/18/37/99/226319.png?preset=thumbnail	2020-05-22 17:45:57.520029	2020-05-22 17:45:57.520029	36.7899999999999991
826	Семена Мелисса Лимон.свежесть	lenta	https://lenta.gcdn.co/globalassets/1/-/06/172/20/158607.png?preset=thumbnail	2020-05-22 17:45:57.532989	2020-05-22 17:45:57.532989	21.0899999999999999
881	Томаты желтые	lenta	https://lenta.gcdn.co/globalassets/1/-/34/34/80/170084.png?preset=thumbnail	2020-05-22 17:46:34.161013	2020-05-22 17:46:34.161013	147.389999999999986
827	Чеснок вес	lenta	https://lenta.gcdn.co/globalassets/1/-/01/11/87/264159.png?preset=thumbnail	2020-05-22 17:45:59.99645	2020-05-22 17:45:59.99645	258.990000000000009
828	Чеснок новый урожай вес	lenta	https://lenta.gcdn.co/globalassets/1/-/05/07/39/186585.png?preset=thumbnail	2020-05-22 17:46:00.048592	2020-05-22 17:46:00.048592	210.590000000000003
829	Масло оливковое GRAND DI OLIVA	lenta	https://lenta.gcdn.co/globalassets/1/-/24/702/54/245391.png?preset=thumbnail	2020-05-22 17:46:00.899178	2020-05-22 17:46:00.899178	618.990000000000009
830	Масло оливковое ITLV Clasico н/раф ст/б	lenta	https://lenta.gcdn.co/globalassets/1/-/15/392/95/182231.png?preset=thumbnail	2020-05-22 17:46:00.916129	2020-05-22 17:46:00.916129	315.689999999999998
831	Масло оливковое YBARRA Gran Seleccion EV первого холодного отжима	lenta	https://lenta.gcdn.co/globalassets/1/-/51/89/86/254420.png?preset=thumbnail	2020-05-22 17:46:00.929159	2020-05-22 17:46:00.929159	721.490000000000009
832	Творог СВЕЖЕЕ ЗАВТРА 1,8% без змж	lenta	https://lenta.gcdn.co/globalassets/1/-/29/83/77/69154.png?preset=thumbnail	2020-05-22 17:46:03.781479	2020-05-22 17:46:03.781479	105.189999999999998
838	Мука пшеничная LA TUA FARINA Биолоджика	lenta	https://lenta.gcdn.co/globalassets/1/-/52/43/63/264841.png?preset=thumbnail	2020-05-22 17:46:05.67805	2020-05-22 17:46:05.67805	360.490000000000009
839	Мука NORDIC пшеничная	lenta	https://lenta.gcdn.co/globalassets/1/-/36/412/86/247235.png?preset=thumbnail	2020-05-22 17:46:05.691726	2020-05-22 17:46:05.691726	319.089999999999975
840	Мука РЯЗАНОЧКА пшеничная в/с	lenta	https://lenta.gcdn.co/globalassets/1/-/44/50/65/258578.png?preset=thumbnail	2020-05-22 17:46:05.702419	2020-05-22 17:46:05.702419	84.2900000000000063
841	Масло подсолнечное КУБАНОЧКА н/рафинированное	lenta	https://lenta.gcdn.co/globalassets/1/-/37/24/38/27355.png?preset=thumbnail	2020-05-22 17:46:06.578217	2020-05-22 17:46:06.578217	134.689999999999998
882	Перец KAMIS черный горошком	lenta	https://lenta.gcdn.co/globalassets/1/-/02/572/22/115723.png?preset=thumbnail	2020-05-22 17:46:35.210031	2020-05-22 17:46:35.210031	48.990000000000002
842	Масло подсолнечное ЗОЛОТАЯ СЕМЕЧКА Раф дезодор 1 сорт	lenta	https://lenta.gcdn.co/globalassets/1/-/44/20/51/182543.png?preset=thumbnail	2020-05-22 17:46:06.589894	2020-05-22 17:46:06.589894	106.689999999999998
843	Масло подсолнечное КУБАНОЧКА раф. дезодорированное	lenta	https://lenta.gcdn.co/globalassets/1/-/37/24/39/27330.png?preset=thumbnail	2020-05-22 17:46:06.599846	2020-05-22 17:46:06.599846	124.189999999999998
844	Чернослив СЕМУШКА с косточкой	lenta	https://lenta.gcdn.co/globalassets/1/-/36/95/78/226302.png?preset=thumbnail	2020-05-22 17:46:07.546156	2020-05-22 17:46:07.546156	147.389999999999986
845	Чернослив СЕМУШКА	lenta	https://lenta.gcdn.co/globalassets/1/-/38/59/37/226302.png?preset=thumbnail	2020-05-22 17:46:07.561673	2020-05-22 17:46:07.561673	140.789999999999992
846	Конфеты ФРУЖЕ Фитнес чернослив фружеле	lenta	https://lenta.gcdn.co/globalassets/1/-/49/21/25/263963.png?preset=thumbnail	2020-05-22 17:46:07.575455	2020-05-22 17:46:07.575455	182.189999999999998
847	Орехи грецкие очищ. 1 сорт вес	lenta	https://lenta.gcdn.co/globalassets/1/-/06/03/67/83082.png?preset=thumbnail	2020-05-22 17:46:08.522257	2020-05-22 17:46:08.522257	1192.69000000000005
848	Мед БЕРЕСТОВ А.С. С маточным молочком живой	lenta	https://lenta.gcdn.co/globalassets/1/-/37/80/03/28670.png?preset=thumbnail	2020-05-22 17:46:09.426981	2020-05-22 17:46:09.426981	355.79000000000002
874	Бананы вес	lenta	https://lenta.gcdn.co/globalassets/1/-/01/12/30/263565.png?preset=thumbnail	2020-05-22 17:46:29.638681	2020-05-22 17:46:29.638681	64.9899999999999949
849	Огурцы соленые	lenta	https://lenta.gcdn.co/globalassets/1/-/07/99/06/184852.png?preset=thumbnail	2020-05-22 17:46:15.18051	2020-05-22 17:46:15.18051	191.590000000000003
850	Огурцы длинноплодные	lenta	https://lenta.gcdn.co/globalassets/1/-/02/68/84/168367.png?preset=thumbnail	2020-05-22 17:46:15.189554	2020-05-22 17:46:15.189554	31.5899999999999999
851	Укроп KAMIS	lenta	https://lenta.gcdn.co/globalassets/1/-/02/56/97/259343.png?preset=thumbnail	2020-05-22 17:46:16.632387	2020-05-22 17:46:16.632387	47.8900000000000006
852	Укроп свежий	lenta	https://lenta.gcdn.co/globalassets/1/-/01/78/58/263542.png?preset=thumbnail	2020-05-22 17:46:16.644633	2020-05-22 17:46:16.644633	24.2899999999999991
875	Бананы BANANA REPUBLIC сушеные в шоколадной глазури	lenta	https://lenta.gcdn.co/globalassets/1/-/37/70/78/30688.png?preset=thumbnail	2020-05-22 17:46:29.651188	2020-05-22 17:46:29.651188	177.889999999999986
853	Уксус MONINI Винный бальзамический Aceto balsamico di Modena спрей	lenta	https://lenta.gcdn.co/globalassets/1/-/20/79/09/249875.png?preset=thumbnail	2020-05-22 17:46:18.540109	2020-05-22 17:46:18.540109	694.789999999999964
854	Филе куриное зам. подложка вес	lenta	https://lenta.gcdn.co/globalassets/1/-/07/95/37/236237.png?preset=thumbnail	2020-05-22 17:46:19.421596	2020-05-22 17:46:19.421596	284.29000000000002
855	Филе куриное ПЕТЕЛИНКА с бедра охл. подложка вес	lenta	https://lenta.gcdn.co/globalassets/1/-/38/89/12/244746.png?preset=thumbnail	2020-05-22 17:46:19.433429	2020-05-22 17:46:19.433429	357.889999999999986
856	Филе куриное КУРОМЯККИ б/кожи охл. лоток вес	lenta	https://lenta.gcdn.co/globalassets/1/-/42/29/21/168673.png?preset=thumbnail	2020-05-22 17:46:19.443966	2020-05-22 17:46:19.443966	378.939999999999998
857	Мандарины вес	lenta	https://lenta.gcdn.co/globalassets/1/-/01/14/58/263551.png?preset=thumbnail	2020-05-22 17:46:20.321036	2020-05-22 17:46:20.321036	171.590000000000003
858	Мандарины Марокко вес	lenta	https://lenta.gcdn.co/globalassets/1/-/19/35/05/230319.png?preset=thumbnail	2020-05-22 17:46:20.333075	2020-05-22 17:46:20.333075	210.590000000000003
859	Мандарины СЕМЕЙНАЯ ПОКУПКА фас. вес	lenta	https://lenta.gcdn.co/globalassets/1/-/02/36/70/246149.png?preset=thumbnail	2020-05-22 17:46:20.343214	2020-05-22 17:46:20.343214	199.990000000000009
860	Приправы KAMIS к рыбе лимонная	lenta	https://lenta.gcdn.co/globalassets/1/-/35/81/22/115801.png?preset=thumbnail	2020-05-22 17:46:23.337583	2020-05-22 17:46:23.337583	50.490000000000002
861	Кислота СПЕЦ Лимонная	lenta	https://lenta.gcdn.co/globalassets/1/-/52/36/45/249815.png?preset=thumbnail	2020-05-22 17:46:23.350238	2020-05-22 17:46:23.350238	22.1900000000000013
862	Специи KAMIS Паприка копченая молотая	lenta	https://lenta.gcdn.co/globalassets/1/-/50/93/32/171381.png?preset=thumbnail	2020-05-22 17:46:23.361567	2020-05-22 17:46:23.361567	48.5900000000000034
863	Перец KAMIS черный молотый	lenta	https://lenta.gcdn.co/globalassets/1/-/02/56/88/115720.png?preset=thumbnail	2020-05-22 17:46:24.191408	2020-05-22 17:46:24.191408	49.3900000000000006
864	Приправа ИНДАНА Перец черный молотый	lenta	https://lenta.gcdn.co/globalassets/1/-/51/17/41/223329.png?preset=thumbnail	2020-05-22 17:46:24.216215	2020-05-22 17:46:24.216215	105.890000000000001
865	Томаты Черри	lenta	https://lenta.gcdn.co/globalassets/1/-/02/91/29/170082.png?preset=thumbnail	2020-05-22 17:46:26.936749	2020-05-22 17:46:26.936749	73.5900000000000034
866	Томаты черри Конфетто	lenta	https://lenta.gcdn.co/globalassets/1/-/24/692/54/170077.png?preset=thumbnail	2020-05-22 17:46:26.947762	2020-05-22 17:46:26.947762	147.389999999999986
867	Томаты черри красные тепличные	lenta	https://lenta.gcdn.co/globalassets/1/-/26/50/72/170074.png?preset=thumbnail	2020-05-22 17:46:26.958168	2020-05-22 17:46:26.958168	84.2900000000000063
868	Сыр CHEESE GALLERY Пармезан 12 мес 32% без змж	lenta	https://lenta.gcdn.co/globalassets/1/-/38/10/22/192975.png?preset=thumbnail	2020-05-22 17:46:27.849737	2020-05-22 17:46:27.849737	252.689999999999998
869	Сыр CHEESE GALLERY пармезан 32% тертый (хлопья) без змж	lenta	https://lenta.gcdn.co/globalassets/1/-/51/85/19/193043.png?preset=thumbnail	2020-05-22 17:46:27.86355	2020-05-22 17:46:27.86355	157.889999999999986
870	Сыр HOCHLAND мягкий в рассоле Фетакса без змж	lenta	https://lenta.gcdn.co/globalassets/1/-/53/40/74/248646.png?preset=thumbnail	2020-05-22 17:46:27.873567	2020-05-22 17:46:27.873567	142.189999999999998
871	Базилик KAMIS	lenta	https://lenta.gcdn.co/globalassets/1/-/12/322/03/259334.png?preset=thumbnail	2020-05-22 17:46:28.74012	2020-05-22 17:46:28.74012	47.8900000000000006
872	Базилик свежий красный	lenta	https://lenta.gcdn.co/globalassets/1/-/37/35/92/3339.png?preset=thumbnail	2020-05-22 17:46:28.752896	2020-05-22 17:46:28.752896	38.990000000000002
873	Базилик фиолетовый в горшочке	lenta	https://lenta.gcdn.co/globalassets/1/-/18/99/06/5641.png?preset=thumbnail	2020-05-22 17:46:28.763641	2020-05-22 17:46:28.763641	73.6899999999999977
876	Бананы сушеные	lenta	https://lenta.gcdn.co/globalassets/1/-/32/36/15/64246.png?preset=thumbnail	2020-05-22 17:46:29.661697	2020-05-22 17:46:29.661697	73.6899999999999977
877	Молоко кокосовое AROY-D	lenta	https://lenta.gcdn.co/globalassets/1/-/37/93/94/195143.png?preset=thumbnail	2020-05-22 17:46:31.391111	2020-05-22 17:46:31.391111	172.889999999999986
878	Молоко сухое ФИТПАРАД Кокосовое	lenta	https://lenta.gcdn.co/globalassets/1/-/51/09/47/188775.png?preset=thumbnail	2020-05-22 17:46:31.403853	2020-05-22 17:46:31.403853	155.789999999999992
879	Шампунь HERBAL ESSENCES Кокосовое молоко	lenta	https://lenta.gcdn.co/globalassets/1/-/52/34/59/226941.png?preset=thumbnail	2020-05-22 17:46:31.414355	2020-05-22 17:46:31.414355	291.189999999999998
880	Томат розовый Томимаро Мучо	lenta	https://lenta.gcdn.co/globalassets/1/-/52/96/23/230612.png?preset=thumbnail	2020-05-22 17:46:34.150685	2020-05-22 17:46:34.150685	189.490000000000009
883	Перец SANTA MARIA черный целый Умная покупка	lenta	https://lenta.gcdn.co/globalassets/1/-/45/41/48/161718.png?preset=thumbnail	2020-05-22 17:46:35.221168	2020-05-22 17:46:35.221168	47.3900000000000006
884	Маслины 365 ДНЕЙ черные б/к	lenta	https://lenta.gcdn.co/globalassets/1/-/38/81/55/258408.png?preset=thumbnail	2020-05-22 17:46:36.045271	2020-05-22 17:46:36.045271	54.3900000000000006
885	Маслины ФДС супергигант с/к маринов.	lenta	https://lenta.gcdn.co/globalassets/1/-/33/95/98/3411.png?preset=thumbnail	2020-05-22 17:46:36.057624	2020-05-22 17:46:36.057624	210.590000000000003
886	Маслины ITLV черные с/к ключ	lenta	https://lenta.gcdn.co/globalassets/1/-/19/26/11/116299.png?preset=thumbnail	2020-05-22 17:46:36.067948	2020-05-22 17:46:36.067948	136.389999999999986
887	Лук репчатый п/э	lenta	https://lenta.gcdn.co/globalassets/1/-/01/65/97/263506.png?preset=thumbnail	2020-05-22 17:46:39.570549	2020-05-22 17:46:39.570549	47.3900000000000006
888	Лук репчатый вал вес	lenta	https://lenta.gcdn.co/globalassets/1/-/25/54/87/186747.png?preset=thumbnail	2020-05-22 17:46:39.643209	2020-05-22 17:46:39.643209	39.8900000000000006
889	Йогурт DANONE натуральный 3,3% без змж	lenta	https://lenta.gcdn.co/globalassets/1/-/38/49/37/231613.png?preset=thumbnail	2020-05-22 17:46:40.460042	2020-05-22 17:46:40.460042	16.8900000000000006
890	Йогурт EPICA натуральный 6% без змж	lenta	https://lenta.gcdn.co/globalassets/1/-/38/73/99/231112.png?preset=thumbnail	2020-05-22 17:46:40.47255	2020-05-22 17:46:40.47255	43.8900000000000006
891	Йогурт LACTICA Греческий натуральный 4% без змж	lenta	https://lenta.gcdn.co/globalassets/1/-/38/14/27/105129.png?preset=thumbnail	2020-05-22 17:46:40.484105	2020-05-22 17:46:40.484105	45.8900000000000006
892	Пудра сахарная HAAS Нетающая	lenta	https://lenta.gcdn.co/globalassets/1/-/39/17/44/249232.png?preset=thumbnail	2020-05-22 17:46:41.384342	2020-05-22 17:46:41.384342	29.4899999999999984
893	Сахарная пудра HAAS	lenta	https://lenta.gcdn.co/globalassets/1/-/05/18/55/162052.png?preset=thumbnail	2020-05-22 17:46:41.397013	2020-05-22 17:46:41.397013	65.1899999999999977
894	Пудра сахарная DR.OETKER универсальная	lenta	https://lenta.gcdn.co/globalassets/1/-/49/87/16/238446.png?preset=thumbnail	2020-05-22 17:46:41.407454	2020-05-22 17:46:41.407454	25.2899999999999991
895	Шафран KOTANYI Натуральный	lenta	https://lenta.gcdn.co/globalassets/1/-/20/65/63/227604.png?preset=thumbnail	2020-05-22 17:46:42.500289	2020-05-22 17:46:42.500289	90.2900000000000063
896	Бальзам BOTANICALS Дикий Шафран д/сухих волос питательный	lenta	https://lenta.gcdn.co/globalassets/1/-/47/892/42/80516.png?preset=thumbnail	2020-05-22 17:46:42.513625	2020-05-22 17:46:42.513625	559.789999999999964
897	Шампунь BOTANICALS Дикий Шафран д/сухих волос питательный	lenta	https://lenta.gcdn.co/globalassets/1/-/47/902/29/80520.png?preset=thumbnail	2020-05-22 17:46:42.524927	2020-05-22 17:46:42.524927	559.789999999999964
898	Водка РУССКИЙ ЛЕД алк.40%	lenta	https://lenta.gcdn.co/globalassets/1/-/11/35/48/106075.png?preset=thumbnail	2020-05-22 17:46:44.250399	2020-05-22 17:46:44.250399	347.389999999999986
899	Журнал Лед тронулся	lenta	https://lenta.gcdn.co/globalassets/1/-/16/102/30/135725.png?preset=thumbnail	2020-05-22 17:46:44.26352	2020-05-22 17:46:44.26352	55.7899999999999991
900	Жевательная резинка DIROL X-fresh арбузный лед б/с со вкусом арбуза	lenta	https://lenta.gcdn.co/globalassets/1/-/37/85/85/47707.png?preset=thumbnail	2020-05-22 17:46:44.274281	2020-05-22 17:46:44.274281	93.6899999999999977
913	Хлеб АРНАУТ Белый круглый нарезка	lenta	https://lenta.gcdn.co/globalassets/1/-/39/04/78/242593.png?preset=thumbnail	2020-05-22 17:46:56.758684	2020-05-22 17:46:56.758684	70.4899999999999949
901	Капуста брокколи BONVIDA брокколи зам	lenta	https://lenta.gcdn.co/globalassets/1/-/49/59/22/194213.png?preset=thumbnail	2020-05-22 17:46:46.033567	2020-05-22 17:46:46.033567	336.889999999999986
914	Смесь ГАРНЕЦ Белый хлеб д/приготовления хлеба без глютена	lenta	https://lenta.gcdn.co/globalassets/1/-/28/59/32/24371.png?preset=thumbnail	2020-05-22 17:46:56.771238	2020-05-22 17:46:56.771238	152.689999999999998
902	Капуста ЛЕНТА квашеная	lenta	https://lenta.gcdn.co/globalassets/1/-/44/71/78/62322.png?preset=thumbnail	2020-05-22 17:46:46.091498	2020-05-22 17:46:46.091498	99.9899999999999949
903	Масло растительное БЛАГО Смесь подсолнечно-оливковая	lenta	https://lenta.gcdn.co/globalassets/1/-/38/12/65/239301.png?preset=thumbnail	2020-05-22 17:46:46.99957	2020-05-22 17:46:46.99957	141.590000000000003
904	Масло растительное КОНОПЛЯНКА льняное хол. отжима ст/б	lenta	https://lenta.gcdn.co/globalassets/1/-/51/42/68/228782.png?preset=thumbnail	2020-05-22 17:46:47.0124	2020-05-22 17:46:47.0124	143.789999999999992
905	Масло растительное АВЕДОВЪ Подсолнечно-оливковое 1С	lenta	https://lenta.gcdn.co/globalassets/1/-/11/02/03/182185.png?preset=thumbnail	2020-05-22 17:46:47.022978	2020-05-22 17:46:47.022978	189.789999999999992
906	Соус ЧИМ-ЧИМ Устричный д/фунчозы 36	lenta	https://lenta.gcdn.co/globalassets/1/-/49/40/52/264145.png?preset=thumbnail	2020-05-22 17:46:49.438912	2020-05-22 17:46:49.438912	56.8900000000000006
907	П/ф Фарш говяжий кат.Б охл вес	lenta	https://lenta.gcdn.co/globalassets/1/-/06/73/13/94522.png?preset=thumbnail	2020-05-22 17:46:52.227623	2020-05-22 17:46:52.227623	389.490000000000009
908	П/ф Фарш говяжий Деревенский кат.Г охл вес	lenta	https://lenta.gcdn.co/globalassets/1/-/14/23/22/262930.png?preset=thumbnail	2020-05-22 17:46:52.240648	2020-05-22 17:46:52.240648	299.990000000000009
909	П/ф Фарш говяжий постный кат.Б охл вес	lenta	https://lenta.gcdn.co/globalassets/1/-/01/12/02/170597.png?preset=thumbnail	2020-05-22 17:46:52.252651	2020-05-22 17:46:52.252651	421.089999999999975
910	Молоко ИЗ ВОЛОГДЫ 2,5% без змж	lenta	https://lenta.gcdn.co/globalassets/1/-/51/86/86/220707.png?preset=thumbnail	2020-05-22 17:46:53.741012	2020-05-22 17:46:53.741012	52.5900000000000034
911	Молоко ДОМИК В ДЕРЕВНЕ у/паст. питьевое 6% TBASlim без змж	lenta	https://lenta.gcdn.co/globalassets/1/-/14/69/51/221850.png?preset=thumbnail	2020-05-22 17:46:53.753574	2020-05-22 17:46:53.753574	150.590000000000003
916	Соус HEINZ на основе растительных масел Цезарь дой-пак 59%	lenta	https://lenta.gcdn.co/globalassets/1/-/25/392/56/171410.png?preset=thumbnail	2020-05-22 17:46:57.949562	2020-05-22 17:46:57.949562	87.2900000000000063
912	Сыр HOCHLAND Almette творожный с белыми грибами 60% без змж	lenta	https://lenta.gcdn.co/globalassets/1/-/16/74/10/180766.png?preset=thumbnail	2020-05-22 17:46:54.690125	2020-05-22 17:46:54.690125	106.189999999999998
915	Соус CALVE Д/салата сырный Цезарь дой-пак	lenta	https://lenta.gcdn.co/globalassets/1/-/29/83/53/178358.png?preset=thumbnail	2020-05-22 17:46:57.935498	2020-05-22 17:46:57.935498	84.1899999999999977
917	Кубики GALLINA BLANCA Бульон куриный с пониженным содержанием соли	lenta	https://lenta.gcdn.co/globalassets/1/-/34/99/33/27063.png?preset=thumbnail	2020-05-22 17:47:02.032028	2020-05-22 17:47:02.032028	29.9899999999999984
918	Бульон быстрого приготовления РОЛЛТОН Домашний куриный дойпак	lenta	https://lenta.gcdn.co/globalassets/1/-/05/93/92/180941.png?preset=thumbnail	2020-05-22 17:47:02.044387	2020-05-22 17:47:02.044387	37.6899999999999977
919	Шампиньоны LUTIK целые в с/с	lenta	https://lenta.gcdn.co/globalassets/1/-/00/912/02/29468.png?preset=thumbnail	2020-05-22 17:47:02.982155	2020-05-22 17:47:02.982155	133.189999999999998
920	Шампиньоны BONDUELLE по-провански с ароматными травами	lenta	https://lenta.gcdn.co/globalassets/1/-/49/72/57/226388.png?preset=thumbnail	2020-05-22 17:47:02.995411	2020-05-22 17:47:02.995411	213.889999999999986
921	Шампиньоны СВОЙ УРОЖАЙ	lenta	https://lenta.gcdn.co/globalassets/1/-/50/21/32/98294.png?preset=thumbnail	2020-05-22 17:47:03.005829	2020-05-22 17:47:03.005829	276.389999999999986
922	Творог ЛЕНТА рассыпчатый 9% без змж	lenta	https://lenta.gcdn.co/globalassets/1/-/52/46/74/223315.png?preset=thumbnail	2020-05-22 17:47:04.239665	2020-05-22 17:47:04.239665	178.990000000000009
923	Творог БАЛТКОМ рассыпчатый 1,8% без змж	lenta	https://lenta.gcdn.co/globalassets/1/-/47/14/39/105622.png?preset=thumbnail	2020-05-22 17:47:04.252937	2020-05-22 17:47:04.252937	110.590000000000003
924	Творог PRESIDENT рассыпчатый 0,2% без змж	lenta	https://lenta.gcdn.co/globalassets/1/-/27/42/40/255650.png?preset=thumbnail	2020-05-22 17:47:04.263241	2020-05-22 17:47:04.263241	372.589999999999975
925	Крупа манная ЕВРОЗЛАК ГОСТ 7022-97 Марка М дой-пак	lenta	https://lenta.gcdn.co/globalassets/1/-/26/34/50/25703.png?preset=thumbnail	2020-05-22 17:47:06.446958	2020-05-22 17:47:06.446958	118.489999999999995
926	Пшено 365 ДНЕЙ 1 сорт	lenta	https://lenta.gcdn.co/globalassets/1/-/33/74/41/264169.png?preset=thumbnail	2020-05-22 17:47:06.458214	2020-05-22 17:47:06.458214	47.3900000000000006
950	Тархун свежий	lenta	https://lenta.gcdn.co/globalassets/1/-/30/50/09/3325.png?preset=thumbnail	2020-05-22 17:47:25.983346	2020-05-22 17:47:25.983346	52.6899999999999977
927	Ванилин СПЕЦ Ванилин	lenta	https://lenta.gcdn.co/globalassets/1/-/52/23/80/250733.png?preset=thumbnail	2020-05-22 17:47:07.995951	2020-05-22 17:47:07.995951	25.2899999999999991
928	Ванилин ДОМАШНЯЯ КУХНЯ	lenta	https://lenta.gcdn.co/globalassets/1/-/13/052/80/249256.png?preset=thumbnail	2020-05-22 17:47:08.01001	2020-05-22 17:47:08.01001	28.4899999999999984
929	Ванилин HAAS	lenta	https://lenta.gcdn.co/globalassets/1/-/20/60/48/262354.png?preset=thumbnail	2020-05-22 17:47:08.020672	2020-05-22 17:47:08.020672	5.38999999999999968
951	Напиток безалкогольный ЧЕРНОГОЛОВКА Тархун сильногаз. ст.	lenta	https://lenta.gcdn.co/globalassets/1/-/40/04/66/112448.png?preset=thumbnail	2020-05-22 17:47:25.996296	2020-05-22 17:47:25.996296	54.990000000000002
930	Капуста ЛЕНТА квашеная с сахаром	lenta	https://lenta.gcdn.co/globalassets/1/-/44/71/79/3383.png?preset=thumbnail	2020-05-22 17:47:09.849923	2020-05-22 17:47:09.849923	91.5900000000000034
931	Капуста китайская/пекинская вес	lenta	https://lenta.gcdn.co/globalassets/1/-/18/34/30/96067.png?preset=thumbnail	2020-05-22 17:47:09.860723	2020-05-22 17:47:09.860723	84.2900000000000063
932	Майонез СЛОБОДА Провансаль классический Омега 3-6-9 67%	lenta	https://lenta.gcdn.co/globalassets/1/-/48/43/12/229899.png?preset=thumbnail	2020-05-22 17:47:10.722496	2020-05-22 17:47:10.722496	94.7900000000000063
933	Майонез MR.RICCO на перепелином яйце 67% д/п	lenta	https://lenta.gcdn.co/globalassets/1/-/05/73/49/239339.png?preset=thumbnail	2020-05-22 17:47:10.73705	2020-05-22 17:47:10.73705	73.6899999999999977
934	Майонез REMIA с розмарином и морской солью	lenta	https://lenta.gcdn.co/globalassets/1/-/50/30/67/122348.png?preset=thumbnail	2020-05-22 17:47:10.749745	2020-05-22 17:47:10.749745	210.590000000000003
935	Соус соевый SANBONSAI Терияки маринад	lenta	https://lenta.gcdn.co/globalassets/1/-/51/32/32/227031.png?preset=thumbnail	2020-05-22 17:47:14.205485	2020-05-22 17:47:14.205485	126.390000000000001
936	Соус KIKKOMAN Соевый	lenta	https://lenta.gcdn.co/globalassets/1/-/05/95/18/231125.png?preset=thumbnail	2020-05-22 17:47:14.220347	2020-05-22 17:47:14.220347	206.990000000000009
937	Соус HEINZ Соевый Премиум	lenta	https://lenta.gcdn.co/globalassets/1/-/17/262/52/247937.png?preset=thumbnail	2020-05-22 17:47:14.231754	2020-05-22 17:47:14.231754	209.389999999999986
938	Приправа KAMIS Карри	lenta	https://lenta.gcdn.co/globalassets/1/-/12/31/80/236993.png?preset=thumbnail	2020-05-22 17:47:15.217974	2020-05-22 17:47:15.217974	47.8900000000000006
939	Соус HEINZ Карри	lenta	https://lenta.gcdn.co/globalassets/1/-/13/45/27/247919.png?preset=thumbnail	2020-05-22 17:47:15.231464	2020-05-22 17:47:15.231464	143.189999999999998
952	Напиток безалкогольный ЧЕРНОГОЛОВКА Тархун сильногаз. ПЭТ	lenta	https://lenta.gcdn.co/globalassets/1/-/26/012/72/235740.png?preset=thumbnail	2020-05-22 17:47:26.038244	2020-05-22 17:47:26.038244	89.9899999999999949
940	Детское питание рагу SEMPER овощное с филе трески 12 мес ст/б	lenta	https://lenta.gcdn.co/globalassets/1/-/36/75/38/27974.png?preset=thumbnail	2020-05-22 17:47:16.173787	2020-05-22 17:47:16.173787	153.590000000000003
941	Петрушка свежая	lenta	https://lenta.gcdn.co/globalassets/1/-/33/55/68/62248.png?preset=thumbnail	2020-05-22 17:47:18.577721	2020-05-22 17:47:18.577721	78.9899999999999949
942	Петрушка в горшочке	lenta	https://lenta.gcdn.co/globalassets/1/-/08/30/30/62241.png?preset=thumbnail	2020-05-22 17:47:18.591477	2020-05-22 17:47:18.591477	73.6899999999999977
943	Петрушка свежая	lenta	https://lenta.gcdn.co/globalassets/1/-/01/95/60/263511.png?preset=thumbnail	2020-05-22 17:47:18.60262	2020-05-22 17:47:18.60262	24.2899999999999991
944	Морковь в пучках новый урожай	lenta	https://lenta.gcdn.co/globalassets/1/-/05/07/17/248140.png?preset=thumbnail	2020-05-22 17:47:21.267776	2020-05-22 17:47:21.267776	136.889999999999986
945	Морковь мытая п/э	lenta	https://lenta.gcdn.co/globalassets/1/-/01/30/21/263493.png?preset=thumbnail	2020-05-22 17:47:21.280104	2020-05-22 17:47:21.280104	68.4899999999999949
946	Морковь СНЭК мини	lenta	https://lenta.gcdn.co/globalassets/1/-/26/31/90/95572.png?preset=thumbnail	2020-05-22 17:47:21.290462	2020-05-22 17:47:21.290462	63.1499999999999986
947	Пряность ПАРФЭ Корица	lenta	https://lenta.gcdn.co/globalassets/1/-/52/45/58/249263.png?preset=thumbnail	2020-05-22 17:47:22.147946	2020-05-22 17:47:22.147946	37.0900000000000034
948	Груша Вильямс вес	lenta	https://lenta.gcdn.co/globalassets/1/-/04/41/84/246666.png?preset=thumbnail	2020-05-22 17:47:23.867553	2020-05-22 17:47:23.867553	115.790000000000006
949	Груша сезонная вес	lenta	https://lenta.gcdn.co/globalassets/1/-/05/61/92/5630.png?preset=thumbnail	2020-05-22 17:47:23.892756	2020-05-22 17:47:23.892756	115.790000000000006
954	Коса сдобная с начинкой черная смородина вес	lenta	https://lenta.gcdn.co/globalassets/1/-/53/32/44/256032.png?preset=thumbnail	2020-05-22 17:47:27.952858	2020-05-22 17:47:27.952858	484.29000000000002
953	Черная смородина ГЛАВПРОДУКТ протертая с сахаром ГОСТ 22371-77	lenta	https://lenta.gcdn.co/globalassets/1/-/06/79/70/233974.png?preset=thumbnail	2020-05-22 17:47:27.939149	2020-05-22 17:47:27.939149	157.889999999999986
955	Смородина BONVIDA черная зам	lenta	https://lenta.gcdn.co/globalassets/1/-/49/58/57/6514.png?preset=thumbnail	2020-05-22 17:47:27.966127	2020-05-22 17:47:27.966127	473.689999999999998
956	Орегано (душица) SANTA MARIA Organic	lenta	https://lenta.gcdn.co/globalassets/1/-/27/242/85/77315.png?preset=thumbnail	2020-05-22 17:47:28.898923	2020-05-22 17:47:28.898923	93.1899999999999977
957	Орегано (душица) KOTANYI (душица) измельченный пакет	lenta	https://lenta.gcdn.co/globalassets/1/-/15/31/07/272798.png?preset=thumbnail	2020-05-22 17:47:28.915468	2020-05-22 17:47:28.915468	49.490000000000002
958	Приправа KAMIS Орегано (душица)	lenta	https://lenta.gcdn.co/globalassets/1/-/24/692/07/259335.png?preset=thumbnail	2020-05-22 17:47:28.926558	2020-05-22 17:47:28.926558	49.8900000000000006
959	Петрушка свежая	lenta	https://lenta.gcdn.co/globalassets/1/-/25/96/55/3295.png?preset=thumbnail	2020-05-22 17:47:32.050786	2020-05-22 17:47:32.050786	42.1899999999999977
960	Лавровый лист KAMIS	lenta	https://lenta.gcdn.co/globalassets/1/-/12/31/79/115769.png?preset=thumbnail	2020-05-22 17:47:32.868671	2020-05-22 17:47:32.868671	45.990000000000002
961	Лавровый лист ДОМАШНЯЯ КУХНЯ	lenta	https://lenta.gcdn.co/globalassets/1/-/05/18/17/161668.png?preset=thumbnail	2020-05-22 17:47:32.883015	2020-05-22 17:47:32.883015	87.3900000000000006
962	Лавровый лист KOTANYI пак	lenta	https://lenta.gcdn.co/globalassets/1/-/15/122/75/115773.png?preset=thumbnail	2020-05-22 17:47:32.895616	2020-05-22 17:47:32.895616	49.490000000000002
963	Кинза свежая	lenta	https://lenta.gcdn.co/globalassets/1/-/01/78/59/263516.png?preset=thumbnail	2020-05-22 17:47:33.699357	2020-05-22 17:47:33.699357	26.3900000000000006
964	Кинза/кориандр в горшочке	lenta	https://lenta.gcdn.co/globalassets/1/-/08/30/23/62294.png?preset=thumbnail	2020-05-22 17:47:33.71313	2020-05-22 17:47:33.71313	73.6899999999999977
965	Филе МК ВЕЛИКОЛУКСКИЙ Гранд с/к т/уп охл. вес	lenta	https://lenta.gcdn.co/globalassets/1/-/37/73/50/68241.png?preset=thumbnail	2020-05-22 17:47:35.19962	2020-05-22 17:47:35.19962	926.389999999999986
966	Шпинат POLVIT зам	lenta	https://lenta.gcdn.co/globalassets/1/-/40/26/51/195656.png?preset=thumbnail	2020-05-22 17:47:37.060085	2020-05-22 17:47:37.060085	113.489999999999995
967	Салат Шпинат	lenta	https://lenta.gcdn.co/globalassets/1/-/23/94/89/169736.png?preset=thumbnail	2020-05-22 17:47:37.072633	2020-05-22 17:47:37.072633	136.889999999999986
968	Фрустики MARC&ФИСА солёные Шпинат	lenta	https://lenta.gcdn.co/globalassets/1/-/47/01/74/234015.png?preset=thumbnail	2020-05-22 17:47:37.082853	2020-05-22 17:47:37.082853	65.2900000000000063
969	Перец 365 ДНЕЙ смесь	lenta	https://lenta.gcdn.co/globalassets/1/-/17/73/24/26881.png?preset=thumbnail	2020-05-22 17:47:38.093491	2020-05-22 17:47:38.093491	6.79000000000000004
970	Лазанья СЫТОЕДОВ Милано с курицей и грибами	lenta	https://lenta.gcdn.co/globalassets/1/-/43/40/54/195151.png?preset=thumbnail	2020-05-22 17:47:39.966523	2020-05-22 17:47:39.966523	179.689999999999998
971	Лазанья ЛЕНТА c ветчиной и сыром	lenta	https://lenta.gcdn.co/globalassets/1/-/46/52/34/65457.png?preset=thumbnail	2020-05-22 17:47:39.977685	2020-05-22 17:47:39.977685	147.389999999999986
972	Лазанья ALBERTO овощи гриль с сыром	lenta	https://lenta.gcdn.co/globalassets/1/-/44/85/07/65449.png?preset=thumbnail	2020-05-22 17:47:39.988014	2020-05-22 17:47:39.988014	294.79000000000002
973	Капуста POLVIT Брокколи зам	lenta	https://lenta.gcdn.co/globalassets/1/-/44/37/87/46462.png?preset=thumbnail	2020-05-22 17:47:41.854448	2020-05-22 17:47:41.854448	128.490000000000009
974	Вино КУБАНЬ-ВИНО Ркацители геогр. наим. бел. сух.	lenta	https://lenta.gcdn.co/globalassets/1/-/44/90/51/109403.png?preset=thumbnail	2020-05-22 17:47:42.480822	2020-05-22 17:47:42.480822	362.189999999999998
975	Вино КУБАНЬ-ВИНО Цимлянский черный геогр. наим. кр. сух.	lenta	https://lenta.gcdn.co/globalassets/1/-/44/90/48/109307.png?preset=thumbnail	2020-05-22 17:47:42.494821	2020-05-22 17:47:42.494821	362.189999999999998
976	Вино КУБАНЬ-ВИНО Красностоп Анапский Кубань Таманский полуостров ЗГУ роз. сух	lenta	https://lenta.gcdn.co/globalassets/1/-/50/65/99/227888.png?preset=thumbnail	2020-05-22 17:47:42.506015	2020-05-22 17:47:42.506015	362.189999999999998
977	Лук Порей вес	lenta	https://lenta.gcdn.co/globalassets/1/-/02/32/95/263508.png?preset=thumbnail	2020-05-22 17:58:02.751719	2020-05-22 17:58:02.751719	463.189999999999998
978	Семена ДОМ СЕМЯН Лук порей Гулливер (расфасовано ССО)	lenta	https://lenta.gcdn.co/globalassets/1/-/45/51/51/124719.png?preset=thumbnail	2020-05-22 17:58:02.806348	2020-05-22 17:58:02.806348	18.9899999999999984
979	Яблоки Гольден вес	lenta	https://lenta.gcdn.co/globalassets/1/-/06/81/15/153758.png?preset=thumbnail	2020-05-22 17:58:05.742814	2020-05-22 17:58:05.742814	111.590000000000003
980	Яблоки Гренни Смит вес	lenta	https://lenta.gcdn.co/globalassets/1/-/11/11/29/246130.png?preset=thumbnail	2020-05-22 17:58:05.795957	2020-05-22 17:58:05.795957	147.389999999999986
981	Яблоки Симиренко фас. вес	lenta	https://lenta.gcdn.co/globalassets/1/-/02/842/21/153775.png?preset=thumbnail	2020-05-22 17:58:05.806684	2020-05-22 17:58:05.806684	136.889999999999986
990	Рис НАЦИОНАЛЬ Бальдо	lenta	https://lenta.gcdn.co/globalassets/1/-/46/71/36/25517.png?preset=thumbnail	2020-05-22 17:58:11.316763	2020-05-22 17:58:11.316763	127.390000000000001
982	Нектар ЯГОДЫ КАРЕЛИИ Черника ст/б	lenta	https://lenta.gcdn.co/globalassets/1/-/48/12/40/112539.png?preset=thumbnail	2020-05-22 17:58:07.579991	2020-05-22 17:58:07.579991	210.590000000000003
983	Нектар ЯГОДЫ КАРЕЛИИ Брусника ст/б	lenta	https://lenta.gcdn.co/globalassets/1/-/48/12/37/146159.png?preset=thumbnail	2020-05-22 17:58:07.590599	2020-05-22 17:58:07.590599	210.590000000000003
984	Соль морская 4 LIFE мелкая йодированная в/с помол 0	lenta	https://lenta.gcdn.co/globalassets/1/-/34/00/97/250909.png?preset=thumbnail	2020-05-22 17:58:09.407287	2020-05-22 17:58:09.407287	133.090000000000003
985	Соль морская ЛЕНТА поваренная пищевая садочная в/с помол 1	lenta	https://lenta.gcdn.co/globalassets/1/-/36/98/78/25817.png?preset=thumbnail	2020-05-22 17:58:09.421696	2020-05-22 17:58:09.421696	83.1899999999999977
986	Соль морская ЛЕНТА поваренная пищевая садочная в/с помол 0	lenta	https://lenta.gcdn.co/globalassets/1/-/30/29/96/25814.png?preset=thumbnail	2020-05-22 17:58:09.43416	2020-05-22 17:58:09.43416	34.7899999999999991
820	Чеснок ГУРМЕ соленый	lenta	https://lenta.gcdn.co/static/pics/image-default--thumb.305ca150c22262acb4c40de317e93d1a.png	2020-05-22 17:45:54.563567	2020-05-22 17:58:10.404697	84.2900000000000063
987	Чеснок соленый вес	lenta	https://lenta.gcdn.co/globalassets/1/-/07/99/12/95575.png?preset=thumbnail	2020-05-22 17:58:10.426525	2020-05-22 17:58:10.426525	389.490000000000009
988	Крупа рисовая АГРО-АЛЬЯНС Экстра Бурый Slim&Fit 1 сорт нешлифованная	lenta	https://lenta.gcdn.co/globalassets/1/-/07/57/01/221028.png?preset=thumbnail	2020-05-22 17:58:11.261196	2020-05-22 17:58:11.261196	137.490000000000009
989	Рис НАЦИОНАЛЬ д/плова 1 сорт	lenta	https://lenta.gcdn.co/globalassets/1/-/28/252/56/16147.png?preset=thumbnail	2020-05-22 17:58:11.273981	2020-05-22 17:58:11.273981	100.790000000000006
991	Сливочное масло Простоквашино крестьянское 72,5 % 180 г бзмж	metro	https://delivery.metro-cc.ru/spree/products/7616/product/10092.png?1576176507	2020-05-22 17:58:39.978856	2020-05-22 17:58:39.978856	154
992	Сливочное масло Простоквашино 82 % 180 г бзмж	metro	https://delivery.metro-cc.ru/spree/products/563/product/10100.png?1576176509	2020-05-22 17:58:40.015858	2020-05-22 17:58:40.015858	125
993	Сливочное масло Тысяча Озер 82,5 % 180 г бзмж	metro	https://delivery.metro-cc.ru/spree/products/846/product/10107.jpg?1582573764	2020-05-22 17:58:40.047237	2020-05-22 17:58:40.047237	167
994	Сливочное масло Экомилк 82,5 % 450 г бзмж	metro	https://delivery.metro-cc.ru/spree/products/4546/product/10104.png?1574333273	2020-05-22 17:58:40.096478	2020-05-22 17:58:40.096478	279
995	Сливочное масло Экомилк 82,5 % 180 г бзмж	metro	https://delivery.metro-cc.ru/spree/products/80773/product/19785.png?1574333309	2020-05-22 17:58:40.13582	2020-05-22 17:58:40.13582	145
996	Хлопья овсяные Aro Геркулес 500 г	metro	https://delivery.metro-cc.ru/spree/products/157898/product/118492.jpg?1587401721	2020-05-22 17:58:40.610967	2020-05-22 17:58:40.610967	28.4899999999999984
997	Геркулес Nordic финский	metro	https://delivery.metro-cc.ru/spree/products/20891/product/32738.jpg?1587399402	2020-05-22 17:58:40.624817	2020-05-22 17:58:40.624817	156
998	Геркулес Русский продукт быстрого приготовления	metro	https://delivery.metro-cc.ru/spree/products/96915/product/32737.jpg?1587399402	2020-05-22 17:58:40.635652	2020-05-22 17:58:40.635652	53.8900000000000006
999	Овсяные хлопья Русский Продукт геркулес нежный	metro	https://delivery.metro-cc.ru/spree/products/219478/product/62621.jpg?1583355081	2020-05-22 17:58:40.649848	2020-05-22 17:58:40.649848	65.9899999999999949
1000	Овсяные хлопья Sante клюква с малиной	metro	https://delivery.metro-cc.ru/spree/products/16394/product/28174.jpg?1574095103	2020-05-22 17:58:40.660006	2020-05-22 17:58:40.660006	196.199999999999989
1001	Яблоки сезонные	metro	https://delivery.metro-cc.ru/spree/products/53778/product/60900.jpg?1587399559	2020-05-22 17:58:41.071534	2020-05-22 17:58:41.071534	109.900000000000006
1002	Яблоки Гренни Смит Сербия в пакете ~1,5 кг	metro	https://delivery.metro-cc.ru/spree/products/41045/product/47054.jpg?1587399559	2020-05-22 17:58:41.084533	2020-05-22 17:58:41.084533	209.849999999999994
1003	Яблоки Гренни Смит Сербия в подложке 700 г	metro	https://delivery.metro-cc.ru/spree/products/42228/product/45412.jpg?1587399572	2020-05-22 17:58:41.094297	2020-05-22 17:58:41.094297	159.900000000000006
1004	Яблоко сушеное Rival 150 г	metro	https://delivery.metro-cc.ru/spree/products/217363/product/193958.jpg?1587402703	2020-05-22 17:58:41.104952	2020-05-22 17:58:41.104952	319
1005	Яблоки Моди Россия в лотке 700 г	metro	https://delivery.metro-cc.ru/spree/products/37938/product/47067.jpg?1531418375	2020-05-22 17:58:41.125269	2020-05-22 17:58:41.125269	169.900000000000006
1006	Корица Kotanyi молотая	metro	https://delivery.metro-cc.ru/spree/products/53228/product/56678.jpg?1571803008	2020-05-22 17:59:11.887946	2020-05-22 17:59:11.887946	44.990000000000002
1007	Соль Салина Экстра 1 кг	metro	https://delivery.metro-cc.ru/spree/products/191937/product/132190.jpg?1567066258	2020-05-22 17:59:12.55796	2020-05-22 17:59:12.55796	25.2899999999999991
1008	Соль Гарнец водорослевая с ламинарией	metro	https://delivery.metro-cc.ru/spree/products/55005/product/62398.jpg?1574260593	2020-05-22 17:59:12.587515	2020-05-22 17:59:12.587515	104
1009	Соль Салина пищевая поваренная помолотая	metro	https://delivery.metro-cc.ru/spree/products/121529/product/19672.jpg?1574174552	2020-05-22 17:59:12.635768	2020-05-22 17:59:12.635768	25.9899999999999984
1010	Соль АДЫГЕЙСКАЯ Абадзехская каменная 300 г	metro	https://delivery.metro-cc.ru/spree/products/129676/product/125135.jpg?1554126360	2020-05-22 17:59:12.6783	2020-05-22 17:59:12.6783	54.990000000000002
1011	Сахар Слуцкий прессованный	metro	https://delivery.metro-cc.ru/spree/products/89158/product/97393.jpg?1574333626	2020-05-22 17:59:13.08138	2020-05-22 17:59:13.08138	79.9899999999999949
1012	Сахар Услад песок	metro	https://delivery.metro-cc.ru/spree/products/275792/product/55818_1.jpg?1589655532	2020-05-22 17:59:13.096615	2020-05-22 17:59:13.096615	84.9899999999999949
1013	Сахар Сладкий сахар песок	metro	https://delivery.metro-cc.ru/spree/products/52389/product/55808.jpg?1574333526	2020-05-22 17:59:13.110474	2020-05-22 17:59:13.110474	134
1014	Сахар Fine Life белый прессованный 1 кг	metro	https://delivery.metro-cc.ru/spree/products/102181/product/108537.jpg?1574951402	2020-05-22 17:59:13.119892	2020-05-22 17:59:13.119892	75.6899999999999977
1015	Сахар Bionova кокосовый 200 г	metro	https://delivery.metro-cc.ru/spree/products/216180/product/115075.png?1575911622	2020-05-22 17:59:13.134817	2020-05-22 17:59:13.134817	267
1016	Мед Берестов А. С. Алтайцвет майский	metro	https://delivery.metro-cc.ru/spree/products/50384/product/53302.jpg?1583506883	2020-05-22 17:59:13.552048	2020-05-22 17:59:13.552048	399
1017	Мед Берестов А.С. Горный	metro	https://delivery.metro-cc.ru/spree/products/61405/product/65915.jpg?1583506913	2020-05-22 17:59:13.563631	2020-05-22 17:59:13.563631	399
1018	Мед Fine Life акациевый	metro	https://delivery.metro-cc.ru/spree/products/21357/product/32839.jpg?1583506834	2020-05-22 17:59:13.576113	2020-05-22 17:59:13.576113	298
1019	Мёд Медовый Дом цветочный Акациевый с веточкой сосны 320 г	metro	https://delivery.metro-cc.ru/spree/products/149560/product/153800.jpg?1583506874	2020-05-22 17:59:13.591674	2020-05-22 17:59:13.591674	429
1020	Мёд Медовый Дом цветочный Акациевый с веточкой лаванды 320 г	metro	https://delivery.metro-cc.ru/spree/products/149561/product/153801.jpg?1583506875	2020-05-22 17:59:13.610862	2020-05-22 17:59:13.610862	429
1021	Вода минеральная Borjomi газированная 0,75 л	metro	https://delivery.metro-cc.ru/spree/products/78087/product/19854.jpg?1568104681	2020-05-22 17:59:14.014216	2020-05-22 17:59:14.014216	92
1022	Вода питьевая Святой Источник негазированная 0,5 л	metro	https://delivery.metro-cc.ru/spree/products/78090/product/12552.jpg?1568110460	2020-05-22 17:59:14.029214	2020-05-22 17:59:14.029214	24.4899999999999984
1023	Вода питьевая Святой Источник газированная 0,5 л	metro	https://delivery.metro-cc.ru/spree/products/48385/product/12553.jpg?1568110462	2020-05-22 17:59:14.040297	2020-05-22 17:59:14.040297	24.4899999999999984
1024	Вода минеральная Borjomi газированная 0,5 л	metro	https://delivery.metro-cc.ru/spree/products/78092/product/19860.jpg?1568104683	2020-05-22 17:59:14.049502	2020-05-22 17:59:14.049502	66.9000000000000057
1025	Вода минеральная Borjomi газированная лечебно-столовая 1,25 л	metro	https://delivery.metro-cc.ru/spree/products/179565/product/139581.jpg?1568104691	2020-05-22 17:59:14.061202	2020-05-22 17:59:14.061202	149
1026	Камбала потрошеная без головы свежемороженая ~1 кг	metro	https://delivery.metro-cc.ru/spree/products/123990/product/127868.jpg?1549288156	2020-05-22 17:59:14.509724	2020-05-22 17:59:14.509724	429
1027	Камбала Фландер вяленая икряная	metro	https://delivery.metro-cc.ru/spree/products/41477/product/47278.jpg?1574340154	2020-05-22 17:59:14.521761	2020-05-22 17:59:14.521761	1235
1028	Камбала Фландер вяленая	metro	https://delivery.metro-cc.ru/spree/products/41078/product/47289.png?1574340154	2020-05-22 17:59:14.558091	2020-05-22 17:59:14.558091	255
1029	Камбала Fine Life вяленая	metro	https://delivery.metro-cc.ru/spree/products/239999/product/25892_1.jpg?1585319877	2020-05-22 17:59:14.5689	2020-05-22 17:59:14.5689	279
1030	Камбала Прод-Холод вяленая	metro	https://delivery.metro-cc.ru/spree/products/4594/product/15593.JPG?1531415078	2020-05-22 17:59:14.579071	2020-05-22 17:59:14.579071	255
1031	Свекла	metro	https://delivery.metro-cc.ru/spree/products/84258/product/89476.jpg?1587401149	2020-05-22 17:59:14.937963	2020-05-22 17:59:14.937963	29.8999999999999986
1032	Свекла мытая пакет ~1 кг	metro	https://delivery.metro-cc.ru/spree/products/245337/product/184095_1.jpg?1585164141	2020-05-22 17:59:14.948621	2020-05-22 17:59:14.948621	34.8999999999999986
1033	Свекла Дмитровские овощи вареная очищенная	metro	https://delivery.metro-cc.ru/spree/products/155897/product/134551.jpg?1583506887	2020-05-22 17:59:14.960543	2020-05-22 17:59:14.960543	79.9000000000000057
1034	Свекла консервированная Horeca Select	metro	https://delivery.metro-cc.ru/spree/products/196838/product/36025.jpg?1587399427	2020-05-22 17:59:14.971635	2020-05-22 17:59:14.971635	149
1035	Лимоны	metro	https://delivery.metro-cc.ru/spree/products/87837/product/97847.jpg?1587401219	2020-05-22 17:59:15.458588	2020-05-22 17:59:15.458588	169.900000000000006
1036	Лимон узбекский	metro	https://delivery.metro-cc.ru/spree/products/32199/product/41685.jpg?1531417721	2020-05-22 17:59:15.473229	2020-05-22 17:59:15.473229	249.900000000000006
1037	Печенье Любятово лимонное 280 г	metro	https://delivery.metro-cc.ru/spree/products/117038/product/112373_1.jpg?1589655586	2020-05-22 17:59:15.486113	2020-05-22 17:59:15.486113	60.8900000000000006
1038	Печенье Полет Лимоньерки с лимоном	metro	https://delivery.metro-cc.ru/spree/products/66873/product/72105.jpg?1531476211	2020-05-22 17:59:15.494906	2020-05-22 17:59:15.494906	182.009999999999991
1039	Оливковое масло Monini Extra Virgin с лимоном 0,25 л	metro	https://delivery.metro-cc.ru/spree/products/7348/product/11225.jpg?1587399278	2020-05-22 17:59:15.503459	2020-05-22 17:59:15.503459	341.399999999999977
1040	Чеснок 100 г	metro	https://delivery.metro-cc.ru/spree/products/9528/product/19950.jpg?1587399342	2020-05-22 17:59:15.973801	2020-05-22 17:59:15.973801	59.8999999999999986
1041	Чеснок фермерский 150 г	metro	https://delivery.metro-cc.ru/spree/products/85062/product/92558.jpg?1587401169	2020-05-22 17:59:15.986948	2020-05-22 17:59:15.986948	169.900000000000006
1042	Чеснок свежий	metro	https://delivery.metro-cc.ru/spree/products/79941/product/88011.jpg?1587401128	2020-05-22 17:59:15.997512	2020-05-22 17:59:15.997512	159.900000000000006
1043	Чеснок Solo в корзине 250 г	metro	https://delivery.metro-cc.ru/spree/products/35477/product/10621.jpg?1587399251	2020-05-22 17:59:16.00697	2020-05-22 17:59:16.00697	259.899999999999977
1044	Чеснок ранний	metro	https://delivery.metro-cc.ru/spree/products/131036/product/130080.jpg?1587402036	2020-05-22 17:59:16.016308	2020-05-22 17:59:16.016308	249.909999999999997
1045	Оливковое масло Filippo Berio 1 л	metro	https://delivery.metro-cc.ru/spree/products/214615/product/26337.jpg?1587399427	2020-05-22 17:59:16.56596	2020-05-22 17:59:16.56596	479.399999999999977
1046	Оливковое масло Filippo Berio Extra Virgin 1 л	metro	https://delivery.metro-cc.ru/spree/products/214613/product/26332.jpg?1587399426	2020-05-22 17:59:16.606344	2020-05-22 17:59:16.606344	512.399999999999977
1047	Оливковое масло De Cecco Extra Virgin 1 л	metro	https://delivery.metro-cc.ru/spree/products/5609/product/11223_1.jpg?1589659126	2020-05-22 17:59:16.618707	2020-05-22 17:59:16.618707	515.399999999999977
1048	Оливковое масло De Cecco 0,5 л	metro	https://delivery.metro-cc.ru/spree/products/214614/product/26335.jpg?1587399426	2020-05-22 17:59:16.629254	2020-05-22 17:59:16.629254	305.399999999999977
1049	Оливковое масло Filippo Berio 0,5 л	metro	https://delivery.metro-cc.ru/spree/products/214622/product/26368.jpg?1587399432	2020-05-22 17:59:16.638642	2020-05-22 17:59:16.638642	269.399999999999977
1050	Творог Простоквашино 2% бзмж	metro	https://delivery.metro-cc.ru/spree/products/203928/product/10224.png?1576176521	2020-05-22 17:59:17.107377	2020-05-22 17:59:17.107377	79.9000000000000057
1051	Творог Простоквашино 9% бзмж	metro	https://delivery.metro-cc.ru/spree/products/7331/product/10222.png?1576176520	2020-05-22 17:59:17.163106	2020-05-22 17:59:17.163106	115.010000000000005
1052	Творог Вкуснотеево рассыпчатый обезжиренный 0,5% бзмж	metro	https://delivery.metro-cc.ru/spree/products/24153/product/36553_1.jpg?1589654708	2020-05-22 17:59:17.179826	2020-05-22 17:59:17.179826	235
1053	Творог Danone мягкий 5% 170 г	metro	https://delivery.metro-cc.ru/spree/products/208376/product/25500.png?1588614157	2020-05-22 17:59:17.190085	2020-05-22 17:59:17.190085	53.8900000000000006
1054	Творог Вкуснотеево рассыпчатый 9% бзмж	metro	https://delivery.metro-cc.ru/spree/products/23775/product/36552_1.jpg?1589654707	2020-05-22 17:59:17.2023	2020-05-22 17:59:17.2023	267
1055	Корм Vitakraft для кошек Poesie курица в яйце	metro	https://delivery.metro-cc.ru/spree/products/50235/product/55067.png?1574870400	2020-05-22 17:59:17.601393	2020-05-22 17:59:17.601393	87.0999999999999943
1056	Корм Hill's Sensitive Stomach сухой для кошек с чувствительным желудком с курицой, яйцом и рисом	metro	https://delivery.metro-cc.ru/spree/products/85616/product/88692.jpg?1531850912	2020-05-22 17:59:17.686664	2020-05-22 17:59:17.686664	1723.73000000000002
1057	Яйцо куриное Праксис С1 9 шт	metro	https://delivery.metro-cc.ru/spree/products/133914/product/134747.jpg?1555680472	2020-05-22 17:59:17.73682	2020-05-22 17:59:17.73682	59
1058	Яйцо куриное Вараксино С1 30 шт	metro	https://delivery.metro-cc.ru/spree/products/179527/product/123327.png?1565781010	2020-05-22 17:59:17.822671	2020-05-22 17:59:17.822671	219
1059	Яйцо куриное Metro Premium омега-3 СО 20 шт	metro	https://delivery.metro-cc.ru/spree/products/122712/product/125832.jpg?1588007133	2020-05-22 17:59:17.879545	2020-05-22 17:59:17.879545	195
1060	Мука Fine Life пшеничная высший сорт	metro	https://delivery.metro-cc.ru/spree/products/16273/product/28237.jpg?1574093264	2020-05-22 17:59:18.478568	2020-05-22 17:59:18.478568	68.3900000000000006
1061	Мука Makfa пшеничная высший сорт 1 кг	metro	https://delivery.metro-cc.ru/spree/products/58293/product/61450.jpg?1572580672	2020-05-22 17:59:18.491396	2020-05-22 17:59:18.491396	53.5900000000000034
1062	Мука Makfa пшеничная высший сорт 2 кг	metro	https://delivery.metro-cc.ru/spree/products/55390/product/61451.jpg?1574175337	2020-05-22 17:59:18.502714	2020-05-22 17:59:18.502714	88.4000000000000057
1063	Мука Nordic пшеничная	metro	https://delivery.metro-cc.ru/spree/products/5246/product/11292.png?1574093136	2020-05-22 17:59:18.514993	2020-05-22 17:59:18.514993	259.009999999999991
1064	Мука Makfa пшеничная высший сорт 10 кг	metro	https://delivery.metro-cc.ru/spree/products/832/product/11281.jpg?1586661948	2020-05-22 17:59:18.547711	2020-05-22 17:59:18.547711	391.009999999999991
1065	Подсолнечное масло Altero Gold с добавление оливкового 0,81 л	metro	https://delivery.metro-cc.ru/spree/products/132979/product/46553.jpg?1587399543	2020-05-22 17:59:19.009453	2020-05-22 17:59:19.009453	67.2000000000000028
1066	Подсолнечное масло Золотая семечка 1 л	metro	https://delivery.metro-cc.ru/spree/products/37607/product/49630.jpg?1587399565	2020-05-22 17:59:19.043272	2020-05-22 17:59:19.043272	94
1067	Подсолнечное масло Слобода 1 л	metro	https://delivery.metro-cc.ru/spree/products/13961/product/26333.jpg?1587399426	2020-05-22 17:59:19.052392	2020-05-22 17:59:19.052392	109
1068	Подсолнечное масло Слобода 1,8 л	metro	https://delivery.metro-cc.ru/spree/products/3802/product/11245.jpg?1587399280	2020-05-22 17:59:19.064044	2020-05-22 17:59:19.064044	199
1069	Подсолнечное масло Олейна Классическая 1 л	metro	https://delivery.metro-cc.ru/spree/products/50573/product/52030.jpg?1587399606	2020-05-22 17:59:19.073334	2020-05-22 17:59:19.073334	102
1070	Чернослив Семушка с косточкой 300 г	metro	https://delivery.metro-cc.ru/spree/products/73623/product/23985.jpg?1587399505	2020-05-22 17:59:19.528342	2020-05-22 17:59:19.528342	199.900000000000006
1071	Чернослив Good Food без косточек 250 г	metro	https://delivery.metro-cc.ru/spree/products/214783/product/30404.jpg?1587399486	2020-05-22 17:59:19.540363	2020-05-22 17:59:19.540363	329
1073	Слива сушеная Семушка красная 250 г	metro	https://delivery.metro-cc.ru/spree/products/36177/product/44790.jpg?1587399519	2020-05-22 17:59:19.561377	2020-05-22 17:59:19.561377	299.899999999999977
1074	Пюре Gerber чернослив с 4 месяцев	metro	https://delivery.metro-cc.ru/spree/products/52647/product/55665.jpeg?1573807245	2020-05-22 17:59:19.571582	2020-05-22 17:59:19.571582	53.990000000000002
1075	Орехи грецкие Aro сушеные 800 г	metro	https://delivery.metro-cc.ru/spree/products/32790/product/41791.jpg?1587399455	2020-05-22 17:59:19.969972	2020-05-22 17:59:19.969972	699
1076	Грецкий орех Лукарево 200 г	metro	https://delivery.metro-cc.ru/spree/products/146645/product/145273.jpg?1587402433	2020-05-22 17:59:20.02278	2020-05-22 17:59:20.02278	349.899999999999977
1077	Грецкий орех Nik Nut сушеный 300 г	metro	https://delivery.metro-cc.ru/spree/products/138781/product/138018.jpg?1587401925	2020-05-22 17:59:20.034364	2020-05-22 17:59:20.034364	424.899999999999977
1078	Шоколад Chokodelika темный неровный с грецким орехом	metro	https://delivery.metro-cc.ru/spree/products/214882/product/36306.jpg?1575910958	2020-05-22 17:59:20.087999	2020-05-22 17:59:20.087999	385
1079	Масло грецкого ореха Golden Kings of Ukraine 0,35 л	metro	https://delivery.metro-cc.ru/spree/products/201119/product/11265.jpg?1587399284	2020-05-22 17:59:20.102013	2020-05-22 17:59:20.102013	664
1080	Огурцы короткоплодные Московский Люкс на подложке 450 г	metro	https://delivery.metro-cc.ru/spree/products/7637/product/10658.jpg?1587399252	2020-05-22 17:59:21.327912	2020-05-22 17:59:21.327912	119.900000000000006
1081	Огурцы корнишоны 300 г	metro	https://delivery.metro-cc.ru/spree/products/113472/product/121645.jpg?1587401607	2020-05-22 17:59:21.340599	2020-05-22 17:59:21.340599	89.9899999999999949
1082	Огурцы длинноплодные 1 шт	metro	https://delivery.metro-cc.ru/spree/products/11312/product/22430.jpg?1587399368	2020-05-22 17:59:21.350915	2020-05-22 17:59:21.350915	29.8999999999999986
1083	Огурцы грунтовые	metro	https://delivery.metro-cc.ru/spree/products/83035/product/90693.jpg?1587401137	2020-05-22 17:59:21.360192	2020-05-22 17:59:21.360192	149.900000000000006
1084	Огурцы ФЭГ соленые по-старорусски 800 г	metro	https://delivery.metro-cc.ru/spree/products/100776/product/108829.jpg?1587401527	2020-05-22 17:59:21.369458	2020-05-22 17:59:21.369458	159.900000000000006
1085	Приправа Kamis Укроп	metro	https://delivery.metro-cc.ru/spree/products/65602/product/73915_1.jpg?1589657975	2020-05-22 17:59:21.758015	2020-05-22 17:59:21.758015	26.8999999999999986
1086	Укроп Horeca Select	metro	https://delivery.metro-cc.ru/spree/products/19276/product/32881.jpg?1574093307	2020-05-22 17:59:21.770588	2020-05-22 17:59:21.770588	146
1087	Укроп Премиум в горшочке	metro	https://delivery.metro-cc.ru/spree/products/9070/product/19986.jpg?1574950507	2020-05-22 17:59:21.781219	2020-05-22 17:59:21.781219	79.9000000000000057
1088	Укроп Ло Карно в пакете 70 г	metro	https://delivery.metro-cc.ru/spree/products/155215/product/107130.jpg?1587401352	2020-05-22 17:59:21.790321	2020-05-22 17:59:21.790321	46.3900000000000006
1089	Пюре Агуша яблоко-груша-брокколи с 6 месяцев 90 г	metro	https://delivery.metro-cc.ru/spree/products/156835/product/155270.jpg?1588601106	2020-05-22 17:59:22.145841	2020-05-22 17:59:22.145841	29.8999999999999986
1090	Уксус Ponti винный красный 6 % 1 л	metro	https://delivery.metro-cc.ru/spree/products/236699/product/147111_1.jpg?1585164806	2020-05-22 17:59:22.593227	2020-05-22 17:59:22.593227	179
1091	Уксус ITLV винный бальзамический Модена	metro	https://delivery.metro-cc.ru/spree/products/215332/product/62057.png?1575911238	2020-05-22 17:59:22.608585	2020-05-22 17:59:22.608585	319
1092	Уксус Monini винный красный	metro	https://delivery.metro-cc.ru/spree/products/66679/product/73540.jpg?1574093650	2020-05-22 17:59:22.619758	2020-05-22 17:59:22.619758	190
1093	Уксус Monini винный бальзамический с/б спрей	metro	https://delivery.metro-cc.ru/spree/products/49844/product/52693.jpg?1574093585	2020-05-22 17:59:22.629369	2020-05-22 17:59:22.629369	380
1094	Уксус Monini Aceto Винный Бальзамический 6% 250 мл	metro	https://delivery.metro-cc.ru/spree/products/101447/product/108699.jpg?1574093655	2020-05-22 17:59:22.639905	2020-05-22 17:59:22.639905	360
1095	Филе куриное без кожи Куриное Царство замороженное ~950 г	metro	https://delivery.metro-cc.ru/spree/products/417/product/15165.png?1574176548	2020-05-22 17:59:23.073728	2020-05-22 17:59:23.073728	302.100000000000023
1096	Филе куриное без кожи Петелинка охлажденное ~1 кг	metro	https://delivery.metro-cc.ru/spree/products/72812/product/15181.jpg?1574174469	2020-05-22 17:59:23.08401	2020-05-22 17:59:23.08401	349
1097	Филе куриное для жарки замороженное ~10 кг	metro	https://delivery.metro-cc.ru/spree/products/124552/product/128961.jpg?1549289853	2020-05-22 17:59:23.094738	2020-05-22 17:59:23.094738	2049.96000000000004
1098	Филе куриное без кожи Петелинка Большое охлажденное ~800 г	metro	https://delivery.metro-cc.ru/spree/products/872/product/15190.jpg?1574174471	2020-05-22 17:59:23.104197	2020-05-22 17:59:23.104197	276
1099	Мандарины Nadorcott	metro	https://delivery.metro-cc.ru/spree/products/155881/product/134565.jpg?1587401986	2020-05-22 17:59:23.495506	2020-05-22 17:59:23.495506	179.909999999999997
1100	Мандарины Fine Life в сиропе 	metro	https://delivery.metro-cc.ru/spree/products/196829/product/103178.jpg?1587401293	2020-05-22 17:59:23.510227	2020-05-22 17:59:23.510227	89.9899999999999949
1101	Нектар Я мандарин	metro	https://delivery.metro-cc.ru/spree/products/19516/product/32046.jpg?1576150450	2020-05-22 17:59:23.521406	2020-05-22 17:59:23.521406	159.009999999999991
1102	Сок Andros мандариновый	metro	https://delivery.metro-cc.ru/spree/products/215267/product/59304.jpg?1575911213	2020-05-22 17:59:23.530734	2020-05-22 17:59:23.530734	328
1103	Напиток Fentimans мандарин и севильский апельсин газированный	metro	https://delivery.metro-cc.ru/spree/products/17480/product/29489.jpg?1531416553	2020-05-22 17:59:23.53927	2020-05-22 17:59:23.53927	219.659999999999997
1104	Соль Setra пищевая морская йодированная мелкая	metro	https://delivery.metro-cc.ru/spree/products/97228/product/36158.PNG?1574095121	2020-05-22 17:59:24.447147	2020-05-22 17:59:24.447147	63.1000000000000014
1105	Соль 4Life Морская мелкая	metro	https://delivery.metro-cc.ru/spree/products/214625/product/26475.jpg?1588044294	2020-05-22 17:59:24.458994	2020-05-22 17:59:24.458994	74.9899999999999949
1106	Соль Setra пищевая морская йодированная мелкая	metro	https://delivery.metro-cc.ru/spree/products/24475/product/36161.jpg?1531417063	2020-05-22 17:59:24.503299	2020-05-22 17:59:24.503299	88.5
1107	Соль 4Life Морская мелкая	metro	https://delivery.metro-cc.ru/spree/products/214624/product/26468.jpg?1575910830	2020-05-22 17:59:24.514554	2020-05-22 17:59:24.514554	109
1108	Соль Setra пищевая морская йодированная крупная	metro	https://delivery.metro-cc.ru/spree/products/97230/product/36160.PNG?1574095122	2020-05-22 17:59:24.525298	2020-05-22 17:59:24.525298	63.1000000000000014
1109	Перец Kotanyi черный молотый	metro	https://delivery.metro-cc.ru/spree/products/56303/product/65270.jpg?1571803022	2020-05-22 17:59:24.958354	2020-05-22 17:59:24.958354	47.5
1110	Перец fine life черный молотый	metro	https://delivery.metro-cc.ru/spree/products/83723/product/84754.jpg?1574951312	2020-05-22 17:59:24.995619	2020-05-22 17:59:24.995619	42.6799999999999997
1111	Перец Horeca Select черный молотый	metro	https://delivery.metro-cc.ru/spree/products/20183/product/32879.jpg?1574093306	2020-05-22 17:59:25.004463	2020-05-22 17:59:25.004463	240
1112	Перец черный Трапеза молотый 50 г	metro	https://delivery.metro-cc.ru/spree/products/135363/product/129292.gif?1556271532	2020-05-22 17:59:25.015606	2020-05-22 17:59:25.015606	108
1113	Перец Metro Chef Черный молотый 1 кг	metro	https://delivery.metro-cc.ru/spree/products/128013/product/120904.jpg?1576153736	2020-05-22 17:59:25.025266	2020-05-22 17:59:25.025266	369
1114	Помидоры черри Новиков 250 г	metro	https://delivery.metro-cc.ru/spree/products/35742/product/30386.jpg?1587399485	2020-05-22 17:59:25.415405	2020-05-22 17:59:25.415405	99.9000000000000057
1115	Помидоры черри Санрайз сливовидные 250 г	metro	https://delivery.metro-cc.ru/spree/products/54489/product/60885.jpg?1587399559	2020-05-22 17:59:25.429569	2020-05-22 17:59:25.429569	149.900000000000006
1116	Помидоры Черри желтые 250 г	metro	https://delivery.metro-cc.ru/spree/products/198132/product/122408.jpg?1589653682	2020-05-22 17:59:25.440665	2020-05-22 17:59:25.440665	89.9000000000000057
1117	Помидоры чери Кумато 250 г	metro	https://delivery.metro-cc.ru/spree/products/234541/product/121672.jpg?1587401611	2020-05-22 17:59:25.44965	2020-05-22 17:59:25.44965	169.900000000000006
1118	Сыр Bonfesto Моцарелла 45% 125 г бзмж	metro	https://delivery.metro-cc.ru/spree/products/214899/product/36678.jpg?1575910963	2020-05-22 17:59:25.862547	2020-05-22 17:59:25.862547	122
1119	Сыр Ностра моцарелла 40% 1,4 кг бзмж	metro	https://delivery.metro-cc.ru/spree/products/75751/product/23539.jpg?1574176240	2020-05-22 17:59:25.87505	2020-05-22 17:59:25.87505	824.610000000000014
1120	Бананы сушеные Banana Republic 200 г	metro	https://delivery.metro-cc.ru/spree/products/202488/product/90317.jpg?1587401164	2020-05-22 17:59:26.55585	2020-05-22 17:59:26.55585	199
1121	Бананы Вьетконг сушеные 	metro	https://delivery.metro-cc.ru/spree/products/72340/product/77961.jpg?1587400113	2020-05-22 17:59:26.570589	2020-05-22 17:59:26.570589	89.9000000000000057
1122	Бананы красные ~1кг	metro	https://delivery.metro-cc.ru/spree/products/155789/product/134662.jpg?1587402010	2020-05-22 17:59:26.583472	2020-05-22 17:59:26.583472	249.900000000000006
1123	Нектар Любимый Волшебная сказка яблоко-бананы-груши-киви	metro	https://delivery.metro-cc.ru/spree/products/198341/product/134512.jpg?1576150849	2020-05-22 17:59:26.593103	2020-05-22 17:59:26.593103	45.8999999999999986
1124	Шоколад Ritter Sport темный 61% какао с утонченным вкусом из Никарагуа 100 г	metro	https://delivery.metro-cc.ru/spree/products/134935/product/123284.jpg?1555682043	2020-05-22 17:59:26.602474	2020-05-22 17:59:26.602474	119
1125	Малина Aro замороженная	metro	https://delivery.metro-cc.ru/spree/products/55502/product/59519.jpg?1587399702	2020-05-22 17:59:27.027275	2020-05-22 17:59:27.027275	925
1126	Чизкейк Cheeseberry New-York с малиной замороженный	metro	https://delivery.metro-cc.ru/spree/products/215040/product/42280_3.jpg?1575911124	2020-05-22 17:59:27.039823	2020-05-22 17:59:27.039823	1767
1127	Малина Horeca Select замороженная 12-22 мм	metro	https://delivery.metro-cc.ru/spree/products/57400/product/59521.jpg?1587399702	2020-05-22 17:59:27.050773	2020-05-22 17:59:27.050773	799
1128	Малина Hortex быстрозамороженная в контейнере	metro	https://delivery.metro-cc.ru/spree/products/215643/product/89827.jpg?1587401040	2020-05-22 17:59:27.086975	2020-05-22 17:59:27.086975	165
1129	Малина Fine Life быстрозамороженная	metro	https://delivery.metro-cc.ru/spree/products/33082/product/42252.jpg?1587399482	2020-05-22 17:59:27.097089	2020-05-22 17:59:27.097089	130
1130	Молоко кокосовое Aroy D 60% 18,5% 500 мл	metro	https://delivery.metro-cc.ru/spree/products/56120/product/59331.jpg?1532626880	2020-05-22 17:59:27.503418	2020-05-22 17:59:27.503418	204
1131	Молоко кокосовое Aroy - D 60% 18,5% 400 мл	metro	https://delivery.metro-cc.ru/spree/products/100533/product/59291.jpg?1534150643	2020-05-22 17:59:27.516795	2020-05-22 17:59:27.516795	184
1132	Молоко Fine Life кокосовое	metro	https://delivery.metro-cc.ru/spree/products/48629/product/55257.jpg?1574951142	2020-05-22 17:59:27.528535	2020-05-22 17:59:27.528535	103
1133	Молоко Santa Maria кокосовое	metro	https://delivery.metro-cc.ru/spree/products/45/product/10899.png?1574095058	2020-05-22 17:59:27.538773	2020-05-22 17:59:27.538773	89.9899999999999949
1134	Мюсли-гранола Kellogg's Extra хрустящая с орехами, фруктами и ягодами 300 г	metro	https://delivery.metro-cc.ru/spree/products/131430/product/124931.jpg?1587401864	2020-05-22 17:59:27.95624	2020-05-22 17:59:27.95624	135
1135	Овсяные хлопья Sante гранат с черникой	metro	https://delivery.metro-cc.ru/spree/products/16263/product/28176.jpg?1574095103	2020-05-22 17:59:27.978642	2020-05-22 17:59:27.978642	218
1136	Хрустящая гранола-мюсли Kellogg's Extra с молочным шоколадом 300 г	metro	https://delivery.metro-cc.ru/spree/products/131576/product/125342.jpg?1554735218	2020-05-22 17:59:27.987682	2020-05-22 17:59:27.987682	135
1137	Печенье-гранола Kellogg's Extra с шоколадом и апельсином	metro	https://delivery.metro-cc.ru/spree/products/198277/product/150046.jpg?1570030940	2020-05-22 17:59:27.996822	2020-05-22 17:59:27.996822	76.9899999999999949
1138	Помидоры сливка Ардилес 500 г	metro	https://delivery.metro-cc.ru/spree/products/120340/product/122417.jpg?1587401649	2020-05-22 17:59:28.488522	2020-05-22 17:59:28.488522	179.909999999999997
1139	Зеленый перец Santa Maria халапеньо	metro	https://delivery.metro-cc.ru/spree/products/61662/product/69305.png?1574095188	2020-05-22 17:59:28.917983	2020-05-22 17:59:28.917983	238
1140	Перец халапеньо зеленый Metro Chef острый маринованный	metro	https://delivery.metro-cc.ru/spree/products/198647/product/147118.jpg?1587402646	2020-05-22 17:59:28.931005	2020-05-22 17:59:28.931005	349
1141	Маслины Iska без косточек 280 г	metro	https://delivery.metro-cc.ru/spree/products/198693/product/147098.jpeg?1570551050	2020-05-22 17:59:29.500793	2020-05-22 17:59:29.500793	64
1142	Маслины Bonduelle с морской солью 215 мл	metro	https://delivery.metro-cc.ru/spree/products/217349/product/194012.jpg?1576135243	2020-05-22 17:59:29.513174	2020-05-22 17:59:29.513174	85
1143	Маслины Bonduelle с косточкой	metro	https://delivery.metro-cc.ru/spree/products/214519/product/24469.jpg?1575910792	2020-05-22 17:59:29.55211	2020-05-22 17:59:29.55211	119
1144	Маслины Iberica mini без косточки	metro	https://delivery.metro-cc.ru/spree/products/214506/product/24415.jpg?1575910786	2020-05-22 17:59:29.562239	2020-05-22 17:59:29.562239	74.9899999999999949
1145	Маслины Iberica крупные без косточки	metro	https://delivery.metro-cc.ru/spree/products/214346/product/12008.jpg?1575910692	2020-05-22 17:59:29.570948	2020-05-22 17:59:29.570948	140
1146	Сыр Delissir Фета 55% 350 г	metro	https://delivery.metro-cc.ru/spree/products/17676/product/29354.png?1574260456	2020-05-22 17:59:29.910986	2020-05-22 17:59:29.910986	153
1147	Лук репчатый красный	metro	https://delivery.metro-cc.ru/spree/products/91994/product/101665.jpg?1587401267	2020-05-22 17:59:30.323638	2020-05-22 17:59:30.323638	149.900000000000006
1148	Лук репчатый красный 500 г	metro	https://delivery.metro-cc.ru/spree/products/17057/product/29852.jpg?1587399466	2020-05-22 17:59:30.338687	2020-05-22 17:59:30.338687	119.900000000000006
1149	Контейнер Phibo для луковицы 115 х 87 х 93 мм	metro	https://delivery.metro-cc.ru/spree/products/197741/product/76710.jpg?1569233424	2020-05-22 17:59:30.351511	2020-05-22 17:59:30.351511	79.9899999999999949
1150	Йогурт Danone натуральный 3,3% 110 г	metro	https://delivery.metro-cc.ru/spree/products/226345/product/52112.jpg?1578824178	2020-05-22 17:59:30.927176	2020-05-22 17:59:30.927176	21.8900000000000006
1151	Йогурт Epica натуральный 6% 130 г бзмж	metro	https://delivery.metro-cc.ru/spree/products/215147/product/52121.png?1575911167	2020-05-22 17:59:30.939674	2020-05-22 17:59:30.939674	45.8900000000000006
1152	Йогурт Epica натуральный с черешней и цветами апельсина 4,8% 130 г бзмж	metro	https://delivery.metro-cc.ru/spree/products/132923/product/115417.jpg?1555494262	2020-05-22 17:59:30.950778	2020-05-22 17:59:30.950778	45.8900000000000006
1153	Йогурт Epica натуральный с клубникой 4,8% 130 г бзмж	metro	https://delivery.metro-cc.ru/spree/products/215148/product/52122.png?1575911168	2020-05-22 17:59:30.959967	2020-05-22 17:59:30.959967	45.8900000000000006
1154	Йогурт Epica натуральный с вишней и черешней 4,8% 130 г бзмж	metro	https://delivery.metro-cc.ru/spree/products/215149/product/52123.png?1575911168	2020-05-22 17:59:30.969759	2020-05-22 17:59:30.969759	45.8900000000000006
1155	Сахарная пудра ARO	metro	https://delivery.metro-cc.ru/spree/products/127908/product/103560.jpg?1574951375	2020-05-22 17:59:31.663026	2020-05-22 17:59:31.663026	35.990000000000002
1156	Сахарная пудра Dr. Oetker со вкусом ванили	metro	https://delivery.metro-cc.ru/spree/products/141137/product/60238.jpg?1558526747	2020-05-22 17:59:31.675406	2020-05-22 17:59:31.675406	46.990000000000002
1157	Сахарная пудра Dr.Oetker с натуральной ванилью	metro	https://delivery.metro-cc.ru/spree/products/215737/product/94394.png?1575911418	2020-05-22 17:59:31.685908	2020-05-22 17:59:31.685908	58.0900000000000034
1158	Пудра Распак сахарная	metro	https://delivery.metro-cc.ru/spree/products/5898/product/11089.jpg?1531415238	2020-05-22 17:59:31.695206	2020-05-22 17:59:31.695206	109.900000000000006
1159	Сахарная пудра C.Пудовъ нетающая для горячей выпечки	metro	https://delivery.metro-cc.ru/spree/products/48712/product/54751.jpg?1574174649	2020-05-22 17:59:31.704177	2020-05-22 17:59:31.704177	267.589999999999975
1160	Шафран Kotanyi	metro	https://delivery.metro-cc.ru/spree/products/80181/product/86565.jpg?1571803032	2020-05-22 17:59:32.098257	2020-05-22 17:59:32.098257	89.0799999999999983
1161	Шафран Fine Life натуральный	metro	https://delivery.metro-cc.ru/spree/products/226158/product/23897.jpg?1578503539	2020-05-22 17:59:32.112711	2020-05-22 17:59:32.112711	93.6700000000000017
1162	Капуста маринованная с шафраном 800 г	metro	https://delivery.metro-cc.ru/spree/products/245335/product/150470_1.jpg?1586889761	2020-05-22 17:59:32.123974	2020-05-22 17:59:32.123974	119.900000000000006
1163	Кардамон Kotanyi молотый	metro	https://delivery.metro-cc.ru/spree/products/51838/product/56795.jpg?1571803017	2020-05-22 17:59:32.483355	2020-05-22 17:59:32.483355	89.0799999999999983
1164	Булочки Коломенское сдобные с кардамоном 200 г	metro	https://delivery.metro-cc.ru/spree/products/112279/product/109758.png?1574260734	2020-05-22 17:59:32.498148	2020-05-22 17:59:32.498148	54.990000000000002
1165	Фруктовый лед Бон Пари Взрывной ураган клубника-апельсин с карамелью 60 г бзмж	metro	https://delivery.metro-cc.ru/spree/products/147821/product/52619.jpg?1559476423	2020-05-22 17:59:32.958498	2020-05-22 17:59:32.958498	29.8999999999999986
1166	Леденцы Halls со вкусом клубники	metro	https://delivery.metro-cc.ru/spree/products/80519/product/86999.jpg?1531850269	2020-05-22 17:59:32.969804	2020-05-22 17:59:32.969804	31.9899999999999984
1167	Леденцы Orbit с ароматом лимона и мяты	metro	https://delivery.metro-cc.ru/spree/products/57176/product/61453.jpg?1563861040	2020-05-22 17:59:32.981066	2020-05-22 17:59:32.981066	47.2899999999999991
1168	Ледяная Магуро неразделанная мороженая	metro	https://delivery.metro-cc.ru/spree/products/79614/product/87041.jpg?1531850168	2020-05-22 17:59:32.990206	2020-05-22 17:59:32.990206	999
1169	Ледянка Радиан Метеор цвета в ассортименте	metro	https://delivery.metro-cc.ru/spree/products/208822/product/191614.jpg?1574667119	2020-05-22 17:59:33.000652	2020-05-22 17:59:33.000652	319
1170	Лук репчатый белый	metro	https://delivery.metro-cc.ru/spree/products/125134/product/125514.jpg?1587401869	2020-05-22 17:59:33.424833	2020-05-22 17:59:33.424833	269.899999999999977
1171	Лук репчатый белый 500 г	metro	https://delivery.metro-cc.ru/spree/products/80073/product/89275.jpg?1587401131	2020-05-22 17:59:33.434104	2020-05-22 17:59:33.434104	149.900000000000006
1172	Лук репчатый ранний	metro	https://delivery.metro-cc.ru/spree/products/82207/product/90652.jpg?1576747301	2020-05-22 17:59:33.444075	2020-05-22 17:59:33.444075	49.8999999999999986
1173	Капуста брокколи	metro	https://delivery.metro-cc.ru/spree/products/234817/product/208829.jpg?1587403117	2020-05-22 17:59:33.860964	2020-05-22 17:59:33.860964	239.900000000000006
1174	Капуста брокколи и Зимой и Летом замороженная	metro	https://delivery.metro-cc.ru/spree/products/212965/product/63506.jpg?1587399600	2020-05-22 17:59:33.873587	2020-05-22 17:59:33.873587	101
1175	Капуста брокколи Hortex	metro	https://delivery.metro-cc.ru/spree/products/221997/product/52862.jpg?1587399624	2020-05-22 17:59:33.884801	2020-05-22 17:59:33.884801	118
1176	Капуста брокколи Vegeta соцветиями быстрозамороженная 400 г	metro	https://delivery.metro-cc.ru/spree/products/147709/product/150316.jpg?1590117598	2020-05-22 17:59:33.894134	2020-05-22 17:59:33.894134	83.9899999999999949
1177	Капуста брокколи Vитамин отборная свежезамороженная	metro	https://delivery.metro-cc.ru/spree/products/33271/product/42127.jpg?1587399459	2020-05-22 17:59:33.930461	2020-05-22 17:59:33.930461	122
1178	Соус Чим-Чим устричный 320 г	metro	https://delivery.metro-cc.ru/spree/products/197816/product/146304.jpg?1569323644	2020-05-22 17:59:34.826499	2020-05-22 17:59:34.826499	103.200000000000003
1179	Соус Pearl River Bridge устричный густой	metro	https://delivery.metro-cc.ru/spree/products/38550/product/47057.png?1574093580	2020-05-22 17:59:34.839388	2020-05-22 17:59:34.839388	180
1180	Соус Choy Sun Устричный	metro	https://delivery.metro-cc.ru/spree/products/13224/product/24880_1.jpg?1589659236	2020-05-22 17:59:34.850077	2020-05-22 17:59:34.850077	349.990000000000009
1181	Сыр твердый Пармезан колотый 40% 125 г бзмж	metro	https://delivery.metro-cc.ru/spree/products/124235/product/128428.jpg?1549288587	2020-05-22 17:59:35.211826	2020-05-22 17:59:35.211826	335.009999999999991
1182	Сыр Dolce Пармезан тертый 40% 150 г бзмж	metro	https://delivery.metro-cc.ru/spree/products/12369/product/25294_1.jpg?1589654714	2020-05-22 17:59:35.225937	2020-05-22 17:59:35.225937	235
1183	Фарш говяжий Мясо Есть! охлажденный	metro	https://delivery.metro-cc.ru/spree/products/195125/product/122875.png?1568044945	2020-05-22 17:59:35.605633	2020-05-22 17:59:35.605633	479
1184	Фарш халяль говяжий	metro	https://delivery.metro-cc.ru/spree/products/7017/product/15084.jpg?1574333289	2020-05-22 17:59:35.6325	2020-05-22 17:59:35.6325	269.399999999999977
1185	Фарш свино-говяжий Останкино Домашний охлажденный 500 г	metro	https://delivery.metro-cc.ru/spree/products/32991/product/15155.jpg?1574174469	2020-05-22 17:59:35.642452	2020-05-22 17:59:35.642452	229
1186	Молоко Rioba ультрапастеризованное 3,5% 1 л бзмж	metro	https://delivery.metro-cc.ru/spree/products/9368/product/19794.jpg?1574093099	2020-05-22 17:59:36.372731	2020-05-22 17:59:36.372731	56.8999999999999986
1187	Молоко Простоквашино Отборное пастеризованное 3,4 - 4,5% 930 мл бзмж	metro	https://delivery.metro-cc.ru/spree/products/2338/product/10166.png?1576176518	2020-05-22 17:59:36.387181	2020-05-22 17:59:36.387181	62.8999999999999986
1188	Молоко Простоквашино ультрапастеризованное 3,2% 950 мл бзмж	metro	https://delivery.metro-cc.ru/spree/products/208771/product/10170.png?1576176519	2020-05-22 17:59:36.399462	2020-05-22 17:59:36.399462	98.6899999999999977
1189	Молоко Домик в Деревне стерилизованное 3,2% 925 мл бзмж	metro	https://delivery.metro-cc.ru/spree/products/236752/product/10176.jpg?1588601021	2020-05-22 17:59:36.408675	2020-05-22 17:59:36.408675	69.9099999999999966
1190	Сыр твердый Сыробогатов Пармезан 40% 200 г бзмж	metro	https://delivery.metro-cc.ru/spree/products/66491/product/74083.jpg?1571803057	2020-05-22 17:59:36.905635	2020-05-22 17:59:36.905635	299
1191	Сыр твердый Сыробогатов Пармезан 40% 400г бзмж	metro	https://delivery.metro-cc.ru/spree/products/58140/product/62092.png?1574333543	2020-05-22 17:59:36.919872	2020-05-22 17:59:36.919872	786.009999999999991
1192	Сыр твердый Fine Life Гауда 48% 500 г бзмж	metro	https://delivery.metro-cc.ru/spree/products/84955/product/89402.jpg?1574951316	2020-05-22 17:59:36.93216	2020-05-22 17:59:36.93216	408
1193	Сыр твердый Fine Life Гауда нарезка 48% 300 г бзмж	metro	https://delivery.metro-cc.ru/spree/products/83841/product/89403.jpg?1574951317	2020-05-22 17:59:36.941382	2020-05-22 17:59:36.941382	260
1194	Сыр твердый Heidi Emmentaler 49% 170 г бзмж	metro	https://delivery.metro-cc.ru/spree/products/215683/product/88835.png?1575911395	2020-05-22 17:59:36.950939	2020-05-22 17:59:36.950939	543
1195	Салат Зеленый Дуболистный в горшочке	metro	https://delivery.metro-cc.ru/spree/products/11682/product/22887.jpg?1587399373	2020-05-22 17:59:37.338138	2020-05-22 17:59:37.338138	99.9000000000000057
1196	Базилик в горшочке	metro	https://delivery.metro-cc.ru/spree/products/135850/product/101247.jpg?1587401259	2020-05-22 17:59:37.364953	2020-05-22 17:59:37.364953	79.9000000000000057
1197	Салат Руккола-Радичио	metro	https://delivery.metro-cc.ru/spree/products/14480/product/25917.jpg?1587399410	2020-05-22 17:59:37.373806	2020-05-22 17:59:37.373806	199.900000000000006
1198	Базилик красный 50 г	metro	https://delivery.metro-cc.ru/spree/products/8735/product/10696.jpg?1587399325	2020-05-22 17:59:37.384174	2020-05-22 17:59:37.384174	119.900000000000006
1199	Хлеб Schär белый Pan Blanco 250 г	metro	https://delivery.metro-cc.ru/spree/products/101654/product/108583.jpg?1574094471	2020-05-22 17:59:37.784833	2020-05-22 17:59:37.784833	267
1200	Хлеб Harry's American Sandwich с отрубями	metro	https://delivery.metro-cc.ru/spree/products/222041/product/20031.jpg?1577002987	2020-05-22 17:59:37.797182	2020-05-22 17:59:37.797182	88.7900000000000063
1201	Хлеб Harry's сэндвичный пшеничный	metro	https://delivery.metro-cc.ru/spree/products/132975/product/15645.jpg?1555660162	2020-05-22 17:59:37.807754	2020-05-22 17:59:37.807754	77.4000000000000057
1202	Хлеб черемушки паляница украинская в нарезке (половинка)	metro	https://delivery.metro-cc.ru/spree/products/41678/product/46556.jpg?1531418895	2020-05-22 17:59:37.816716	2020-05-22 17:59:37.816716	30.4899999999999984
1203	Батон Хлебный дом Утренний пшеничный нарезка	metro	https://delivery.metro-cc.ru/spree/products/36306/product/20100.png?1574340114	2020-05-22 17:59:37.82668	2020-05-22 17:59:37.82668	50
1204	Соус Heinz Цезарь 1 кг	metro	https://delivery.metro-cc.ru/spree/products/222124/product/138304.jpg?1577345381	2020-05-22 17:59:38.199939	2020-05-22 17:59:38.199939	298
1205	Соус Слобода Цезарь 60%	metro	https://delivery.metro-cc.ru/spree/products/41694/product/46979.jpg?1574333475	2020-05-22 17:59:38.214443	2020-05-22 17:59:38.214443	78.5900000000000034
1206	Соус Heinz Цезарь 230 г	metro	https://delivery.metro-cc.ru/spree/products/214297/product/10878_1.jpg?1586891540	2020-05-22 17:59:38.226801	2020-05-22 17:59:38.226801	50.8999999999999986
1207	Соус Rioba цезарь	metro	https://delivery.metro-cc.ru/spree/products/121636/product/102004.jpg?1574951380	2020-05-22 17:59:38.259823	2020-05-22 17:59:38.259823	68.4000000000000057
1208	Голень куриная с кожей Петелинка охлажденная ~800 г	metro	https://delivery.metro-cc.ru/spree/products/1214/product/15185.jpg?1574174470	2020-05-22 17:59:38.678053	2020-05-22 17:59:38.678053	183.199999999999989
1209	Бульон Knorr куриный домашний	metro	https://delivery.metro-cc.ru/spree/products/97302/product/97362.jpg?1572002717	2020-05-22 17:59:38.70251	2020-05-22 17:59:38.70251	32.1899999999999977
1210	Бульон Knorr куриный	metro	https://delivery.metro-cc.ru/spree/products/4499/product/11342.png?1573560371	2020-05-22 17:59:38.711577	2020-05-22 17:59:38.711577	2419
1211	Бульон Knorr куриный	metro	https://delivery.metro-cc.ru/spree/products/2680/product/11356.png?1573560373	2020-05-22 17:59:38.721702	2020-05-22 17:59:38.721702	594
1212	Шампиньоны Horeca Select целые быстрозамороженные	metro	https://delivery.metro-cc.ru/spree/products/48705/product/52723.jpg?1587399618	2020-05-22 17:59:39.133783	2020-05-22 17:59:39.133783	270
1213	Шампиньоны Horeca Select резанные быстрозамороженные	metro	https://delivery.metro-cc.ru/spree/products/49752/product/52742.jpg?1587399619	2020-05-22 17:59:39.254399	2020-05-22 17:59:39.254399	489
1214	Шампиньоны Horeca Select кубики быстрозамороженные	metro	https://delivery.metro-cc.ru/spree/products/49240/product/52731.jpg?1587399618	2020-05-22 17:59:39.2643	2020-05-22 17:59:39.2643	339
1215	Шампиньоны королевские	metro	https://delivery.metro-cc.ru/spree/products/37880/product/47121.jpg?1587399560	2020-05-22 17:59:39.273891	2020-05-22 17:59:39.273891	199.900000000000006
1216	Грибы шампиньоны Hortex резаные	metro	https://delivery.metro-cc.ru/spree/products/5029/product/16953.jpg?1587399322	2020-05-22 17:59:39.285495	2020-05-22 17:59:39.285495	118
1217	Творог Вкуснотеево рассыпчатый 9% бзмж	metro	https://delivery.metro-cc.ru/spree/products/13704/product/25505_1.jpg?1589654731	2020-05-22 17:59:39.732146	2020-05-22 17:59:39.732146	87.1899999999999977
1218	Крупа Националь Манная 800 г	metro	https://delivery.metro-cc.ru/spree/products/156979/product/118509.jpg?1589218837	2020-05-22 17:59:40.129678	2020-05-22 17:59:40.129678	46.990000000000002
1219	Крупа манная Fine Life	metro	https://delivery.metro-cc.ru/spree/products/198326/product/150136.jpg?1587402640	2020-05-22 17:59:40.145463	2020-05-22 17:59:40.145463	67.1899999999999977
1220	Крупа Aro манная	metro	https://delivery.metro-cc.ru/spree/products/156186/product/134642.jpg?1587402008	2020-05-22 17:59:40.156723	2020-05-22 17:59:40.156723	48.8999999999999986
1221	Крупа Мистраль манная	metro	https://delivery.metro-cc.ru/spree/products/90772/product/32748.jpg?1587399406	2020-05-22 17:59:40.19031	2020-05-22 17:59:40.19031	61.1899999999999977
1222	Ванилин Домашняя кухня	metro	https://delivery.metro-cc.ru/spree/products/68955/product/74886.jpg?1531476519	2020-05-22 17:59:41.14006	2020-05-22 17:59:41.14006	28
1223	Ванилин Haas	metro	https://delivery.metro-cc.ru/spree/products/215463/product/66283.jpg?1575911289	2020-05-22 17:59:41.153571	2020-05-22 17:59:41.153571	5.08999999999999986
1224	Ваниль Kotanyi натуральная бурбонная в стручках	metro	https://delivery.metro-cc.ru/spree/products/7559/product/11083.jpg?1571802999	2020-05-22 17:59:41.164555	2020-05-22 17:59:41.164555	389
1225	Блины Золотое утро ванильные	metro	https://delivery.metro-cc.ru/spree/products/99207/product/102380.jpg?1531852672	2020-05-22 17:59:41.173895	2020-05-22 17:59:41.173895	49.990000000000002
1226	Сырок Свитлогорье творожный с ванилином глазированный 26% бзмж	metro	https://delivery.metro-cc.ru/spree/products/19065/product/31407.jpg?1574333352	2020-05-22 17:59:41.184921	2020-05-22 17:59:41.184921	38.8999999999999986
1227	Капуста китайская кнопка 116	metro	https://delivery.metro-cc.ru/spree/products/253400/product/244116.jpg?1586893554	2020-05-22 17:59:41.508499	2020-05-22 17:59:41.508499	79.9000000000000057
1228	Майонез Слобода Оливковый 67%	metro	https://delivery.metro-cc.ru/spree/products/21435/product/31312.jpg?1574333383	2020-05-22 17:59:42.004019	2020-05-22 17:59:42.004019	45.7000000000000028
1229	Майонез МЖК Московский провансаль 67%	metro	https://delivery.metro-cc.ru/spree/products/36637/product/30584.jpg?1531418224	2020-05-22 17:59:42.016553	2020-05-22 17:59:42.016553	44.990000000000002
1230	Майонез Московский провансаль 67%	metro	https://delivery.metro-cc.ru/spree/products/97058/product/30168.jpg?1531852393	2020-05-22 17:59:42.025661	2020-05-22 17:59:42.025661	113
1231	Майонез Calve легкий 20%	metro	https://delivery.metro-cc.ru/spree/products/201103/product/30153.jpeg?1576324314	2020-05-22 17:59:42.03486	2020-05-22 17:59:42.03486	69.8900000000000006
1232	Майонез Mr.Ricco Organic Провансаль 67%	metro	https://delivery.metro-cc.ru/spree/products/18711/product/31326.png?1574093212	2020-05-22 17:59:42.044573	2020-05-22 17:59:42.044573	65.8900000000000006
1233	Соевый соус Ямаса с пониженным содержанием соли	metro	https://delivery.metro-cc.ru/spree/products/12267/product/24855.png?1574333322	2020-05-22 17:59:42.477559	2020-05-22 17:59:42.477559	159
1234	Соевый соус Ямаса	metro	https://delivery.metro-cc.ru/spree/products/12861/product/24851_1.jpg?1589659233	2020-05-22 17:59:42.494406	2020-05-22 17:59:42.494406	171
1235	Соевый соус Ямаса	metro	https://delivery.metro-cc.ru/spree/products/12675/product/24866.jpg?1531415980	2020-05-22 17:59:42.505699	2020-05-22 17:59:42.505699	285
1236	Соус Kikkoman соевый	metro	https://delivery.metro-cc.ru/spree/products/97155/product/10908_1.jpg?1589659121	2020-05-22 17:59:42.545087	2020-05-22 17:59:42.545087	114.599999999999994
1237	Соус соевый Heinz 150 г	metro	https://delivery.metro-cc.ru/spree/products/59421/product/24822_1.jpg?1589655404	2020-05-22 17:59:42.554734	2020-05-22 17:59:42.554734	90.5999999999999943
1238	Соус Heinz Карри 270 г	metro	https://delivery.metro-cc.ru/spree/products/214532/product/24605_1.jpg?1586891592	2020-05-22 17:59:42.947667	2020-05-22 17:59:42.947667	90.5999999999999943
1239	Соус Rioba Карри	metro	https://delivery.metro-cc.ru/spree/products/240886/product/24764_1.jpg?1585323846	2020-05-22 17:59:42.960254	2020-05-22 17:59:42.960254	68.4000000000000057
1240	Кетчуп Mr.Ricco Grill Menu	metro	https://delivery.metro-cc.ru/spree/products/236460/product/102005.jpg?1580734492	2020-05-22 17:59:42.971322	2020-05-22 17:59:42.971322	45.4399999999999977
1241	Карри Horeca Select мадрас порошок	metro	https://delivery.metro-cc.ru/spree/products/240025/product/26524_1.jpg?1585323866	2020-05-22 17:59:42.980482	2020-05-22 17:59:42.980482	622
1242	Треска Акватория филе iqf лойны свежемороженая	metro	https://delivery.metro-cc.ru/spree/products/36876/product/46836.jpg?1531418249	2020-05-22 17:59:43.402545	2020-05-22 17:59:43.402545	799.899999999999977
1243	Треска филе без кожи свежемороженая	metro	https://delivery.metro-cc.ru/spree/products/75804/product/23437.jpg?1531849722	2020-05-22 17:59:43.414987	2020-05-22 17:59:43.414987	589.009999999999991
1244	Треска филе Borealis блочное замороженная 750 г	metro	https://delivery.metro-cc.ru/spree/products/216380/product/122174.jpg?1575911697	2020-05-22 17:59:43.424411	2020-05-22 17:59:43.424411	579
1245	Треска филе Borealis Атлантическая без кожи 600 г	metro	https://delivery.metro-cc.ru/spree/products/215998/product/108828.jpg?1575911553	2020-05-22 17:59:43.434805	2020-05-22 17:59:43.434805	629
1246	Петрушка Ло Карно в пакете 70 г	metro	https://delivery.metro-cc.ru/spree/products/155216/product/107127.jpg?1587401352	2020-05-22 17:59:43.869693	2020-05-22 17:59:43.869693	44.0900000000000034
1247	Петрушка Ло Карно в пакете 250 г	metro	https://delivery.metro-cc.ru/spree/products/155217/product/107128.jpg?1587401352	2020-05-22 17:59:43.882769	2020-05-22 17:59:43.882769	149.009999999999991
1248	Петрушка кудрявая	metro	https://delivery.metro-cc.ru/spree/products/11979/product/22905.jpg?1587399379	2020-05-22 17:59:43.892424	2020-05-22 17:59:43.892424	139.900000000000006
1249	Петрушка Премиум в горшочке	metro	https://delivery.metro-cc.ru/spree/products/9552/product/19988.jpg?1587399347	2020-05-22 17:59:43.901575	2020-05-22 17:59:43.901575	89.9000000000000057
1250	Петрушка Horeca Select нарезанная	metro	https://delivery.metro-cc.ru/spree/products/20095/product/32860.jpg?1574093299	2020-05-22 17:59:43.912212	2020-05-22 17:59:43.912212	449
1251	Морковь мытая свежая	metro	https://delivery.metro-cc.ru/spree/products/83736/product/89582.jpg?1587401152	2020-05-22 17:59:44.487501	2020-05-22 17:59:44.487501	49.8999999999999986
1252	Морковь	metro	https://delivery.metro-cc.ru/spree/products/188718/product/68353.jpg?1587399727	2020-05-22 17:59:44.501641	2020-05-22 17:59:44.501641	49.8999999999999986
1253	Морковь мытая в пакете ~1 кг	metro	https://delivery.metro-cc.ru/spree/products/1151/product/10618.jpg?1587399250	2020-05-22 17:59:44.538167	2020-05-22 17:59:44.538167	79.9000000000000057
1254	Морковь Белая Дача сочная 250 г	metro	https://delivery.metro-cc.ru/spree/products/100613/product/25927.jpg?1587399408	2020-05-22 17:59:44.547768	2020-05-22 17:59:44.547768	64.9000000000000057
1255	Морковь в сетке	metro	https://delivery.metro-cc.ru/spree/products/83352/product/83589.jpg?1587400176	2020-05-22 17:59:44.556941	2020-05-22 17:59:44.556941	137.22999999999999
1256	Имбирь Скатерть-Самобранка маринованный красный 1400 г	metro	https://delivery.metro-cc.ru/spree/products/103270/product/110829.jpg?1574334046	2020-05-22 17:59:45.045559	2020-05-22 17:59:45.045559	196
1257	Корень имбиря	metro	https://delivery.metro-cc.ru/spree/products/87384/product/98090.jpg?1587401226	2020-05-22 17:59:45.101947	2020-05-22 17:59:45.101947	189.900000000000006
1258	Имбирь Tabuko маринованный 1,5 кг	metro	https://delivery.metro-cc.ru/spree/products/197576/product/119809.jpg?1568879914	2020-05-22 17:59:45.111568	2020-05-22 17:59:45.111568	231
1259	Имбирь Metro Chef молотый 220 г	metro	https://delivery.metro-cc.ru/spree/products/196734/product/136007.jpg?1576153878	2020-05-22 17:59:45.12037	2020-05-22 17:59:45.12037	133
1260	Имбирь сушеный Good Food в сахаре 130 г	metro	https://delivery.metro-cc.ru/spree/products/215588/product/77962.jpg?1587400114	2020-05-22 17:59:45.131213	2020-05-22 17:59:45.131213	269
1261	Базилик Metro Chef сушеный 110 г	metro	https://delivery.metro-cc.ru/spree/products/192115/product/129639.jpg?1576153830	2020-05-22 17:59:45.591437	2020-05-22 17:59:45.591437	129
1262	Оливковое масло Monini Extra Virgin с базиликом 0,25 л	metro	https://delivery.metro-cc.ru/spree/products/1828/product/11224.jpg?1587399278	2020-05-22 17:59:45.603277	2020-05-22 17:59:45.603277	341.399999999999977
1263	Оливковое масло Monini Pesto Extra Virgin c базиликом и кедровыми орешками 0,25 л	metro	https://delivery.metro-cc.ru/spree/products/14101/product/26370.jpg?1587399432	2020-05-22 17:59:45.656453	2020-05-22 17:59:45.656453	347.399999999999977
1264	Маринад Костровок для шашлыка	metro	https://delivery.metro-cc.ru/spree/products/127860/product/24686.png?1574176557	2020-05-22 17:59:45.667365	2020-05-22 17:59:45.667365	65.9899999999999949
1265	Груши Аббат	metro	https://delivery.metro-cc.ru/spree/products/113527/product/121707.jpg?1587401617	2020-05-22 17:59:46.080723	2020-05-22 17:59:46.080723	149
1266	Груши Пакхам	metro	https://delivery.metro-cc.ru/spree/products/155786/product/134249.jpg?1587402002	2020-05-22 17:59:46.094818	2020-05-22 17:59:46.094818	89.9000000000000057
1267	Груша Форел	metro	https://delivery.metro-cc.ru/spree/products/70134/product/75923.jpg?1587400111	2020-05-22 17:59:46.105884	2020-05-22 17:59:46.105884	149
1268	Питьевое пюре Добрый Смуззи Клубника-банана гоу с 3 лет 110 г	metro	https://delivery.metro-cc.ru/spree/products/123253/product/127426.jpg?1576233595	2020-05-22 17:59:46.11508	2020-05-22 17:59:46.11508	39.8900000000000006
1269	Сок Сады Придонья яблоко-вишня с 5 месяцев	metro	https://delivery.metro-cc.ru/spree/products/252546/product/91756.jpg?1589306324	2020-05-22 17:59:46.124457	2020-05-22 17:59:46.124457	13.8900000000000006
1270	Лук зеленый 70 г	metro	https://delivery.metro-cc.ru/spree/products/155547/product/134520.jpg?1587401990	2020-05-22 17:59:46.544139	2020-05-22 17:59:46.544139	48.7999999999999972
1271	Лук зеленый пакет 250 г	metro	https://delivery.metro-cc.ru/spree/products/155546/product/134888.jpg?1587402025	2020-05-22 17:59:46.556423	2020-05-22 17:59:46.556423	165
1272	Чипсы Lay's Stax зеленый лук	metro	https://delivery.metro-cc.ru/spree/products/218717/product/52843.jpg?1576150564	2020-05-22 17:59:46.567881	2020-05-22 17:59:46.567881	140
1273	Чипсы Lay's картофельные зеленый лук	metro	https://delivery.metro-cc.ru/spree/products/6262/product/11593.jpg?1587146723	2020-05-22 17:59:46.57725	2020-05-22 17:59:46.57725	65.9000000000000057
1274	Эстрагон премиум	metro	https://delivery.metro-cc.ru/spree/products/14934/product/22920.jpg?1587399443	2020-05-22 17:59:46.933281	2020-05-22 17:59:46.933281	129.900000000000006
1275	Лимонад Ascania Тархун 0,5 л	metro	https://delivery.metro-cc.ru/spree/products/214963/product/31800.png?1575910985	2020-05-22 17:59:46.94703	2020-05-22 17:59:46.94703	47.5200000000000031
1276	Черная смородина Fine Life дробленая с сахаром	metro	https://delivery.metro-cc.ru/spree/products/90850/product/41064.jpg?1583506855	2020-05-22 17:59:47.800904	2020-05-22 17:59:47.800904	166
1277	Каша Heinz Лакомая овсяная яблоко-черника-черная смородина молочная с 5 месяцев 170 г	metro	https://delivery.metro-cc.ru/spree/products/216670/product/192489_1.jpg?1586891663	2020-05-22 17:59:47.813206	2020-05-22 17:59:47.813206	117
1278	Пюре из черной смородины Ravifruit замороженное с добавление сахара 1 кг	metro	https://delivery.metro-cc.ru/spree/products/129188/product/134902.jpg?1587401872	2020-05-22 17:59:47.824322	2020-05-22 17:59:47.824322	630
1279	Пюре из черной смородины Metro Chef Ягоды Карелии замороженное	metro	https://delivery.metro-cc.ru/spree/products/124388/product/128772.jpg?1587401910	2020-05-22 17:59:47.833261	2020-05-22 17:59:47.833261	288
1280	Орегано Metro Chef	metro	https://delivery.metro-cc.ru/spree/products/192972/product/32865.jpg?1574093301	2020-05-22 17:59:48.580252	2020-05-22 17:59:48.580252	110
1281	Лавровый лист Fine life цельный	metro	https://delivery.metro-cc.ru/spree/products/85919/product/84753.jpg?1531850944	2020-05-22 17:59:49.466345	2020-05-22 17:59:49.466345	35.990000000000002
1282	Лавровый лист Трапеза 20 г	metro	https://delivery.metro-cc.ru/spree/products/135358/product/129278.gif?1556271498	2020-05-22 17:59:49.480308	2020-05-22 17:59:49.480308	30.7899999999999991
1283	Лавровый лист Kotanyi	metro	https://delivery.metro-cc.ru/spree/products/13999/product/26502.jpg?1571803002	2020-05-22 17:59:49.489677	2020-05-22 17:59:49.489677	240
1284	Лавровый лист Metro Chef 70 г	metro	https://delivery.metro-cc.ru/spree/products/130062/product/127270.jpg?1576153791	2020-05-22 17:59:49.498097	2020-05-22 17:59:49.498097	119
1285	Лист лавровый Kotanyi отборный целый	metro	https://delivery.metro-cc.ru/spree/products/51652/product/56718.jpg?1571803012	2020-05-22 17:59:49.506869	2020-05-22 17:59:49.506869	44.990000000000002
1286	Кинза свежая Ло Карно 70 г	metro	https://delivery.metro-cc.ru/spree/products/155550/product/107134.jpg?1587401351	2020-05-22 17:59:49.828354	2020-05-22 17:59:49.828354	89.9000000000000057
1287	Филе тунца Магуро натуральная	metro	https://delivery.metro-cc.ru/spree/products/61795/product/65946.png?1574175338	2020-05-22 17:59:50.264611	2020-05-22 17:59:50.264611	179.990000000000009
1288	Филе тунца Магуро в оливковом масле	metro	https://delivery.metro-cc.ru/spree/products/55700/product/61782.png?1574175330	2020-05-22 17:59:50.279401	2020-05-22 17:59:50.279401	194.990000000000009
1289	Рыбное филе Vici Дальневосточное замороженное	metro	https://delivery.metro-cc.ru/spree/products/49796/product/52834.jpg?1531419860	2020-05-22 17:59:50.291403	2020-05-22 17:59:50.291403	233
1290	Филе Agama пикша кусок с кожей замороженное	metro	https://delivery.metro-cc.ru/spree/products/53333/product/57007.jpg?1531420326	2020-05-22 17:59:50.303553	2020-05-22 17:59:50.303553	379.009999999999991
1291	Шпинат в горшочке 1 шт	metro	https://delivery.metro-cc.ru/spree/products/245302/product/140687_1.jpg?1586889731	2020-05-22 17:59:51.132315	2020-05-22 17:59:51.132315	89.9000000000000057
1292	Шпинат рубленый Hortex	metro	https://delivery.metro-cc.ru/spree/products/215162/product/52912.jpg?1587399627	2020-05-22 17:59:51.146983	2020-05-22 17:59:51.146983	89.9899999999999949
1293	Шпинат Vитамин быстрозамороженный	metro	https://delivery.metro-cc.ru/spree/products/33408/product/42150.jpg?1574093897	2020-05-22 17:59:51.180743	2020-05-22 17:59:51.180743	124
1294	Шпинат Horeca Select листовой быстрозамороженный	metro	https://delivery.metro-cc.ru/spree/products/49355/product/52743.jpg?1574951089	2020-05-22 17:59:51.189684	2020-05-22 17:59:51.189684	265
1295	Корм Felix для кошек с уткой в желе со шпинатом	metro	https://delivery.metro-cc.ru/spree/products/16832/product/27969.jpg?1574936383	2020-05-22 17:59:51.198412	2020-05-22 17:59:51.198412	22.9899999999999984
1296	Перец Kotanyi черный целый	metro	https://delivery.metro-cc.ru/spree/products/52023/product/56753.jpg?1571803015	2020-05-22 17:59:51.644364	2020-05-22 17:59:51.644364	47.5
1297	Перец Трапеза черный горошек	metro	https://delivery.metro-cc.ru/spree/products/93658/product/100969.gif?1574333900	2020-05-22 17:59:51.659184	2020-05-22 17:59:51.659184	111
1298	Перец Metro Chef черный горошек	metro	https://delivery.metro-cc.ru/spree/products/196631/product/32874.jpg?1574093304	2020-05-22 17:59:51.671338	2020-05-22 17:59:51.671338	569
1299	Перец Fine Life Черный горошек 20 г 	metro	https://delivery.metro-cc.ru/spree/products/137719/product/120913.jpg?1576153739	2020-05-22 17:59:51.682734	2020-05-22 17:59:51.682734	42.6799999999999997
1300	Перец Metro Chef Черный горошек 800 г	metro	https://delivery.metro-cc.ru/spree/products/128014/product/120905.jpg?1576153737	2020-05-22 17:59:51.692233	2020-05-22 17:59:51.692233	600
1301	Перец красный Трапеза молотый	metro	https://delivery.metro-cc.ru/spree/products/198680/product/147049.gif?1570551045	2020-05-22 17:59:52.113536	2020-05-22 17:59:52.113536	40.490000000000002
1302	Перец Fine Life красный сладкий молотый 25 г	metro	https://delivery.metro-cc.ru/spree/products/131426/product/124927.jpg?1576153621	2020-05-22 17:59:52.128114	2020-05-22 17:59:52.128114	28.870000000000001
1303	Перец Horeca Select красный острый молотый	metro	https://delivery.metro-cc.ru/spree/products/96684/product/36166.jpg?1574093376	2020-05-22 17:59:52.137005	2020-05-22 17:59:52.137005	156
1304	Красный перец La Sienna фаршированный сыром	metro	https://delivery.metro-cc.ru/spree/products/19019/product/31188.jpg?1531416679	2020-05-22 17:59:52.145368	2020-05-22 17:59:52.145368	283
1305	Красный перец Greco с сыром Фета	metro	https://delivery.metro-cc.ru/spree/products/18383/product/31211.jpg?1531416613	2020-05-22 17:59:52.154964	2020-05-22 17:59:52.154964	1151
1306	Макаронные изделия Barilla Lasagne Bolognese лазанья	metro	https://delivery.metro-cc.ru/spree/products/49070/product/52349.jpg?1587399611	2020-05-22 17:59:52.618594	2020-05-22 17:59:52.618594	199
1307	Макаронные изделия Barilla Lasagne all'uovo Bolognese лазанья яичная	metro	https://delivery.metro-cc.ru/spree/products/50220/product/52347.jpg?1587399610	2020-05-22 17:59:52.633402	2020-05-22 17:59:52.633402	264
1308	Лазанья Золотой Петушок мясной слоеный пирог замороженная	metro	https://delivery.metro-cc.ru/spree/products/33967/product/42508.jpg?1574260488	2020-05-22 17:59:52.64494	2020-05-22 17:59:52.64494	72.5
1309	Лазанья Золотой Петушок грибная замороженная	metro	https://delivery.metro-cc.ru/spree/products/33902/product/42509.jpg?1574260489	2020-05-22 17:59:52.6562	2020-05-22 17:59:52.6562	72.5
1310	Смесь Knorr На второе Лазанья классическая	metro	https://delivery.metro-cc.ru/spree/products/96488/product/94732_1.jpg?1589655528	2020-05-22 17:59:52.666637	2020-05-22 17:59:52.666637	45.3500000000000014
1311	Лук порей	metro	https://delivery.metro-cc.ru/spree/products/234821/product/208832.jpg?1587403117	2020-05-22 17:59:53.008863	2020-05-22 17:59:53.008863	399.910000000000025
1312	Капуста белокочанная ранняя	metro	https://delivery.metro-cc.ru/spree/products/60230/product/65988.jpg?1587399619	2020-05-22 17:59:53.922226	2020-05-22 17:59:53.922226	29.8999999999999986
1313	Капуста краснокочанная	metro	https://delivery.metro-cc.ru/spree/products/93461/product/103694.jpg?1587401276	2020-05-22 17:59:53.937295	2020-05-22 17:59:53.937295	69.9099999999999966
1314	Капуста кудрявая Кейл 1 шт	metro	https://delivery.metro-cc.ru/spree/products/35726/product/30740.jpg?1587399513	2020-05-22 17:59:53.947496	2020-05-22 17:59:53.947496	139.900000000000006
1315	Капуста Кольраби	metro	https://delivery.metro-cc.ru/spree/products/125139/product/125519.jpg?1587401871	2020-05-22 17:59:53.957525	2020-05-22 17:59:53.957525	269.899999999999977
1316	Капуста белокочанная ~ 2,2 кг	metro	https://delivery.metro-cc.ru/spree/products/155617/product/155175.jpg?1587402484	2020-05-22 17:59:53.971126	2020-05-22 17:59:53.971126	54.7899999999999991
1317	Вино Torres Natureo белое полусладкое безалкогольное	metro	https://delivery.metro-cc.ru/spree/products/76277/product/83401.jpg?1531849774	2020-05-22 17:59:54.419788	2020-05-22 17:59:54.419788	849
1318	Виноград красный с косточкой	metro	https://delivery.metro-cc.ru/spree/products/85153/product/89659.jpg?1587401156	2020-05-22 17:59:54.440989	2020-05-22 17:59:54.440989	199.900000000000006
1319	Виноград белый без косточек в корзинке 500 г	metro	https://delivery.metro-cc.ru/spree/products/56706/product/59906.jpg?1574950564	2020-05-22 17:59:54.450718	2020-05-22 17:59:54.450718	99.9000000000000057
1320	Листья виноградные Janarat 640 г	metro	https://delivery.metro-cc.ru/spree/products/193316/product/136909.jpg?1587402041	2020-05-22 17:59:54.46283	2020-05-22 17:59:54.46283	169
1321	Яблоки Ред Делишес Сербия в лотке ~1 кг	metro	https://delivery.metro-cc.ru/spree/products/58952/product/62480.jpg?1531420983	2020-05-22 17:59:54.978222	2020-05-22 17:59:54.978222	169.900000000000006
1072	Чернослив Metro Chef без косточки 500 г	metro	https://delivery.metro-cc.ru/static/products/noimage/product.png	2020-05-22 17:59:19.551506	2020-05-22 17:59:55.519661	209.900000000000006
1322	Печенье Юбилейное витаминизированное С кусочками клюквы	metro	https://delivery.metro-cc.ru/spree/products/44558/product/44220.png?1574333472	2020-05-22 17:59:56.020374	2020-05-22 17:59:56.020374	25.8999999999999986
1323	Конфеты Виваль Манго в шоколадной глазури	metro	https://delivery.metro-cc.ru/spree/products/96340/product/94665.png?1574260565	2020-05-22 17:59:56.029146	2020-05-22 17:59:56.029146	210
1324	Конфитюр Zuegg лимон 330 г	metro	https://delivery.metro-cc.ru/spree/products/147778/product/39412.jpg?1583506846	2020-05-22 17:59:56.037616	2020-05-22 17:59:56.037616	202
1325	Соль 4Life Морская крупная	metro	https://delivery.metro-cc.ru/spree/products/214626/product/26486.jpg?1575910831	2020-05-22 17:59:56.982495	2020-05-22 17:59:56.982495	74.9899999999999949
1326	Соль Setra пищевая морская натуральная	metro	https://delivery.metro-cc.ru/spree/products/97229/product/36159.PNG?1574095121	2020-05-22 17:59:56.997643	2020-05-22 17:59:56.997643	63.1000000000000014
1327	Рис Увелка длиннозерный	metro	https://delivery.metro-cc.ru/spree/products/36418/product/44758.jpg?1589341096	2020-05-22 17:59:57.880526	2020-05-22 17:59:57.880526	79.9899999999999949
1328	Рис Увелка круглозерный	metro	https://delivery.metro-cc.ru/spree/products/97052/product/44762.jpg?1587399525	2020-05-22 17:59:57.89566	2020-05-22 17:59:57.89566	95.9899999999999949
1329	Рис Fine Life пропаренный	metro	https://delivery.metro-cc.ru/spree/products/198211/product/149893.jpg?1587402637	2020-05-22 17:59:57.907468	2020-05-22 17:59:57.907468	109
1330	Рис Fine Life круглозерный	metro	https://delivery.metro-cc.ru/spree/products/198331/product/150153.jpg?1587402641	2020-05-22 17:59:57.91824	2020-05-22 17:59:57.91824	92.9099999999999966
1331	Рис Увелка длиннозерный обработанный паром	metro	https://delivery.metro-cc.ru/spree/products/97033/product/44764.jpg?1587399528	2020-05-22 17:59:57.930168	2020-05-22 17:59:57.930168	90.2900000000000063
\.


--
-- Name: products_id_seq; Type: SEQUENCE SET; Schema: public; Owner: y.kopylov
--

SELECT pg_catalog.setval('public.products_id_seq', 1331, true);


--
-- Data for Name: schema_migrations; Type: TABLE DATA; Schema: public; Owner: y.kopylov
--

COPY public.schema_migrations (version) FROM stdin;
20200522134045
20200522134200
20200522134233
20200522134326
20200522134452
20200522134519
20200522134537
20200522134612
20200522134629
20200522154805
\.


--
-- Name: ar_internal_metadata ar_internal_metadata_pkey; Type: CONSTRAINT; Schema: public; Owner: y.kopylov
--

ALTER TABLE ONLY public.ar_internal_metadata
    ADD CONSTRAINT ar_internal_metadata_pkey PRIMARY KEY (key);


--
-- Name: categories categories_pkey; Type: CONSTRAINT; Schema: public; Owner: y.kopylov
--

ALTER TABLE ONLY public.categories
    ADD CONSTRAINT categories_pkey PRIMARY KEY (id);


--
-- Name: dish_inrgedients dish_inrgedients_pkey; Type: CONSTRAINT; Schema: public; Owner: y.kopylov
--

ALTER TABLE ONLY public.dish_inrgedients
    ADD CONSTRAINT dish_inrgedients_pkey PRIMARY KEY (id);


--
-- Name: dishes dishes_pkey; Type: CONSTRAINT; Schema: public; Owner: y.kopylov
--

ALTER TABLE ONLY public.dishes
    ADD CONSTRAINT dishes_pkey PRIMARY KEY (id);


--
-- Name: goals_dishes goals_dishes_pkey; Type: CONSTRAINT; Schema: public; Owner: y.kopylov
--

ALTER TABLE ONLY public.goals_dishes
    ADD CONSTRAINT goals_dishes_pkey PRIMARY KEY (id);


--
-- Name: goals goals_pkey; Type: CONSTRAINT; Schema: public; Owner: y.kopylov
--

ALTER TABLE ONLY public.goals
    ADD CONSTRAINT goals_pkey PRIMARY KEY (id);


--
-- Name: ingredient_products ingredient_products_pkey; Type: CONSTRAINT; Schema: public; Owner: y.kopylov
--

ALTER TABLE ONLY public.ingredient_products
    ADD CONSTRAINT ingredient_products_pkey PRIMARY KEY (id);


--
-- Name: ingredients ingredients_pkey; Type: CONSTRAINT; Schema: public; Owner: y.kopylov
--

ALTER TABLE ONLY public.ingredients
    ADD CONSTRAINT ingredients_pkey PRIMARY KEY (id);


--
-- Name: nutritional_values nutritional_values_pkey; Type: CONSTRAINT; Schema: public; Owner: y.kopylov
--

ALTER TABLE ONLY public.nutritional_values
    ADD CONSTRAINT nutritional_values_pkey PRIMARY KEY (id);


--
-- Name: products products_pkey; Type: CONSTRAINT; Schema: public; Owner: y.kopylov
--

ALTER TABLE ONLY public.products
    ADD CONSTRAINT products_pkey PRIMARY KEY (id);


--
-- Name: schema_migrations schema_migrations_pkey; Type: CONSTRAINT; Schema: public; Owner: y.kopylov
--

ALTER TABLE ONLY public.schema_migrations
    ADD CONSTRAINT schema_migrations_pkey PRIMARY KEY (version);


--
-- Name: index_dish_inrgedients_on_dish_id; Type: INDEX; Schema: public; Owner: y.kopylov
--

CREATE INDEX index_dish_inrgedients_on_dish_id ON public.dish_inrgedients USING btree (dish_id);


--
-- Name: index_dish_inrgedients_on_ingredient_id; Type: INDEX; Schema: public; Owner: y.kopylov
--

CREATE INDEX index_dish_inrgedients_on_ingredient_id ON public.dish_inrgedients USING btree (ingredient_id);


--
-- Name: index_dishes_on_category_id; Type: INDEX; Schema: public; Owner: y.kopylov
--

CREATE INDEX index_dishes_on_category_id ON public.dishes USING btree (category_id);


--
-- Name: index_goals_dishes_on_dish_id; Type: INDEX; Schema: public; Owner: y.kopylov
--

CREATE INDEX index_goals_dishes_on_dish_id ON public.goals_dishes USING btree (dish_id);


--
-- Name: index_goals_dishes_on_goal_id; Type: INDEX; Schema: public; Owner: y.kopylov
--

CREATE INDEX index_goals_dishes_on_goal_id ON public.goals_dishes USING btree (goal_id);


--
-- Name: index_ingredient_products_on_ingredient_id; Type: INDEX; Schema: public; Owner: y.kopylov
--

CREATE INDEX index_ingredient_products_on_ingredient_id ON public.ingredient_products USING btree (ingredient_id);


--
-- Name: index_ingredient_products_on_product_id; Type: INDEX; Schema: public; Owner: y.kopylov
--

CREATE INDEX index_ingredient_products_on_product_id ON public.ingredient_products USING btree (product_id);


--
-- Name: index_nutritional_values_on_dish_id; Type: INDEX; Schema: public; Owner: y.kopylov
--

CREATE INDEX index_nutritional_values_on_dish_id ON public.nutritional_values USING btree (dish_id);


--
-- Name: dishes fk_rails_07f79d0f12; Type: FK CONSTRAINT; Schema: public; Owner: y.kopylov
--

ALTER TABLE ONLY public.dishes
    ADD CONSTRAINT fk_rails_07f79d0f12 FOREIGN KEY (category_id) REFERENCES public.categories(id);


--
-- Name: goals_dishes fk_rails_15ce0679b6; Type: FK CONSTRAINT; Schema: public; Owner: y.kopylov
--

ALTER TABLE ONLY public.goals_dishes
    ADD CONSTRAINT fk_rails_15ce0679b6 FOREIGN KEY (dish_id) REFERENCES public.dishes(id);


--
-- Name: goals_dishes fk_rails_3872dbb1b0; Type: FK CONSTRAINT; Schema: public; Owner: y.kopylov
--

ALTER TABLE ONLY public.goals_dishes
    ADD CONSTRAINT fk_rails_3872dbb1b0 FOREIGN KEY (goal_id) REFERENCES public.goals(id);


--
-- Name: ingredient_products fk_rails_42410cf065; Type: FK CONSTRAINT; Schema: public; Owner: y.kopylov
--

ALTER TABLE ONLY public.ingredient_products
    ADD CONSTRAINT fk_rails_42410cf065 FOREIGN KEY (product_id) REFERENCES public.products(id);


--
-- Name: nutritional_values fk_rails_af66d955a4; Type: FK CONSTRAINT; Schema: public; Owner: y.kopylov
--

ALTER TABLE ONLY public.nutritional_values
    ADD CONSTRAINT fk_rails_af66d955a4 FOREIGN KEY (dish_id) REFERENCES public.dishes(id);


--
-- Name: dish_inrgedients fk_rails_be7cba771d; Type: FK CONSTRAINT; Schema: public; Owner: y.kopylov
--

ALTER TABLE ONLY public.dish_inrgedients
    ADD CONSTRAINT fk_rails_be7cba771d FOREIGN KEY (dish_id) REFERENCES public.dishes(id);


--
-- Name: ingredient_products fk_rails_c3afb17330; Type: FK CONSTRAINT; Schema: public; Owner: y.kopylov
--

ALTER TABLE ONLY public.ingredient_products
    ADD CONSTRAINT fk_rails_c3afb17330 FOREIGN KEY (ingredient_id) REFERENCES public.ingredients(id);


--
-- Name: dish_inrgedients fk_rails_cc89e8c609; Type: FK CONSTRAINT; Schema: public; Owner: y.kopylov
--

ALTER TABLE ONLY public.dish_inrgedients
    ADD CONSTRAINT fk_rails_cc89e8c609 FOREIGN KEY (ingredient_id) REFERENCES public.ingredients(id);


--
-- PostgreSQL database dump complete
--

